row_type,period,evidence_class,game_date,game_pk,model_key,model_identity,distribution_mean,distribution_median,market_total_line,absolute_mean_minus_market_line,absolute_median_minus_market_line,market_status,market_snapshot_timestamp_utc,sportsbook_provider,interpretation,games_with_governed_line,mean_absolute_mean_minus_market_line,mean_absolute_median_minus_market_line
GAME,PROSPECTIVE_AUG06_15,RETROSPECTIVE_POST_HOC_DIAGNOSTIC,2026-08-07,822699,A_CONTROL,DIRECT_NEGATIVE_BINOMIAL_RAW_V1,8.265037795601522,8.0,9.0,0.734962204398478,1.0,TOTAL_MARKET_CERTIFIED_PAIRED,2026-08-07T12:48:57Z,MyBookie.ag,DESCRIPTIVE_ONLY_NO_EDGE_OR_EV,,,
GAME,PROSPECTIVE_AUG06_15,RETROSPECTIVE_POST_HOC_DIAGNOSTIC,2026-08-07,822863,A_CONTROL,DIRECT_NEGATIVE_BINOMIAL_RAW_V1,7.827489310909554,7.0,7.5,0.327489310909554,0.5,TOTAL_MARKET_CERTIFIED_PAIRED,2026-08-07T12:48:57Z,Fanatics,DESCRIPTIVE_ONLY_NO_EDGE_OR_EV,,,
GAME,PROSPECTIVE_AUG06_15,RETROSPECTIVE_POST_HOC_DIAGNOSTIC,2026-08-07,823024,A_CONTROL,DIRECT_NEGATIVE_BINOMIAL_RAW_V1,7.443677350555572,7.0,8.5,1.0563226494444278,1.5,TOTAL_MARKET_CERTIFIED_PAIRED,2026-08-07T12:48:57Z,Fanatics,DESCRIPTIVE_ONLY_NO_EDGE_OR_EV,,,
GAME,PROSPECTIVE_AUG06_15,RETROSPECTIVE_POST_HOC_DIAGNOSTIC,2026-08-07,823103,A_CONTROL,DIRECT_NEGATIVE_BINOMIAL_RAW_V1,7.8947180797185945,7.0,7.0,0.8947180797185945,0.0,TOTAL_MARKET_CERTIFIED_PAIRED,2026-08-07T12:48:57Z,Fanatics,DESCRIPTIVE_ONLY_NO_EDGE_OR_EV,,,
GAME,PROSPECTIVE_AUG06_15,RETROSPECTIVE_POST_HOC_DIAGNOSTIC,2026-08-07,823191,A_CONTROL,DIRECT_NEGATIVE_BINOMIAL_RAW_V1,7.608556197600744,7.0,8.5,0.8914438023992561,1.5,TOTAL_MARKET_CERTIFIED_PAIRED,2026-08-07T18:17:44Z,DraftKings,DESCRIPTIVE_ONLY_NO_EDGE_OR_EV,,,
GAME,PROSPECTIVE_AUG06_15,RETROSPECTIVE_POST_HOC_DIAGNOSTIC,2026-08-07,823266,A_CONTROL,DIRECT_NEGATIVE_BINOMIAL_RAW_V1,7.601690081896365,7.0,8.0,0.39830991810363514,1.0,TOTAL_MARKET_CERTIFIED_PAIRED,2026-08-07T12:48:57Z,Fanatics,DESCRIPTIVE_ONLY_NO_EDGE_OR_EV,,,
GAME,PROSPECTIVE_AUG06_15,RETROSPECTIVE_POST_HOC_DIAGNOSTIC,2026-08-07,823349,A_CONTROL,DIRECT_NEGATIVE_BINOMIAL_RAW_V1,7.832949083727505,7.0,8.0,0.1670509162724949,1.0,TOTAL_MARKET_CERTIFIED_PAIRED,2026-08-07T12:48:57Z,Fanatics,DESCRIPTIVE_ONLY_NO_EDGE_OR_EV,,,
GAME,PROSPECTIVE_AUG06_15,RETROSPECTIVE_POST_HOC_DIAGNOSTIC,2026-08-07,823428,A_CONTROL,DIRECT_NEGATIVE_BINOMIAL_RAW_V1,8.95510950463879,8.0,7.5,1.4551095046387896,0.5,TOTAL_MARKET_CERTIFIED_PAIRED,2026-08-07T12:48:57Z,Fanatics,DESCRIPTIVE_ONLY_NO_EDGE_OR_EV,,,
GAME,PROSPECTIVE_AUG06_15,RETROSPECTIVE_POST_HOC_DIAGNOSTIC,2026-08-07,823515,A_CONTROL,DIRECT_NEGATIVE_BINOMIAL_RAW_V1,8.46329851065773,8.0,8.0,0.4632985106577294,0.0,TOTAL_MARKET_CERTIFIED_PAIRED,2026-08-07T12:48:57Z,Fanatics,DESCRIPTIVE_ONLY_NO_EDGE_OR_EV,,,
GAME,PROSPECTIVE_AUG06_15,RETROSPECTIVE_POST_HOC_DIAGNOSTIC,2026-08-07,823750,A_CONTROL,DIRECT_NEGATIVE_BINOMIAL_RAW_V1,7.42363777798358,7.0,8.0,0.57636222201642,1.0,TOTAL_MARKET_CERTIFIED_PAIRED,2026-08-07T12:48:57Z,MyBookie.ag,DESCRIPTIVE_ONLY_NO_EDGE_OR_EV,,,
GAME,PROSPECTIVE_AUG06_15,RETROSPECTIVE_POST_HOC_DIAGNOSTIC,2026-08-07,823836,A_CONTROL,DIRECT_NEGATIVE_BINOMIAL_RAW_V1,8.022280305933567,8.0,9.0,0.9777196940664332,1.0,TOTAL_MARKET_CERTIFIED_PAIRED,2026-08-07T12:48:57Z,Fanatics,DESCRIPTIVE_ONLY_NO_EDGE_OR_EV,,,
GAME,PROSPECTIVE_AUG06_15,RETROSPECTIVE_POST_HOC_DIAGNOSTIC,2026-08-07,824566,A_CONTROL,DIRECT_NEGATIVE_BINOMIAL_RAW_V1,8.014511735444747,8.0,7.5,0.5145117354447475,0.5,TOTAL_MARKET_CERTIFIED_PAIRED,2026-08-07T12:48:57Z,Fanatics,DESCRIPTIVE_ONLY_NO_EDGE_OR_EV,,,
GAME,PROSPECTIVE_AUG06_15,RETROSPECTIVE_POST_HOC_DIAGNOSTIC,2026-08-07,824727,A_CONTROL,DIRECT_NEGATIVE_BINOMIAL_RAW_V1,7.687350422018609,7.0,8.5,0.8126495779813911,1.5,TOTAL_MARKET_CERTIFIED_PAIRED,2026-08-07T12:48:57Z,Fanatics,DESCRIPTIVE_ONLY_NO_EDGE_OR_EV,,,
GAME,PROSPECTIVE_AUG06_15,RETROSPECTIVE_POST_HOC_DIAGNOSTIC,2026-08-07,825051,A_CONTROL,DIRECT_NEGATIVE_BINOMIAL_RAW_V1,8.833589847119418,8.0,9.0,0.16641015288058192,1.0,TOTAL_MARKET_CERTIFIED_PAIRED,2026-08-07T12:48:57Z,Fanatics,DESCRIPTIVE_ONLY_NO_EDGE_OR_EV,,,
GAME,PROSPECTIVE_AUG06_15,RETROSPECTIVE_POST_HOC_DIAGNOSTIC,2026-08-08,822701,A_CONTROL,DIRECT_NEGATIVE_BINOMIAL_RAW_V1,8.072224135388701,8.0,8.5,0.4277758646112986,0.5,TOTAL_MARKET_CERTIFIED_PAIRED,2026-08-08T15:47:16Z,LowVig.ag,DESCRIPTIVE_ONLY_NO_EDGE_OR_EV,,,
GAME,PROSPECTIVE_AUG06_15,RETROSPECTIVE_POST_HOC_DIAGNOSTIC,2026-08-08,822864,A_CONTROL,DIRECT_NEGATIVE_BINOMIAL_RAW_V1,7.468102528769837,7.0,7.5,0.03189747123016318,0.5,TOTAL_MARKET_CERTIFIED_PAIRED,2026-08-08T15:47:16Z,LowVig.ag,DESCRIPTIVE_ONLY_NO_EDGE_OR_EV,,,
GAME,PROSPECTIVE_AUG06_15,RETROSPECTIVE_POST_HOC_DIAGNOSTIC,2026-08-08,823021,A_CONTROL,DIRECT_NEGATIVE_BINOMIAL_RAW_V1,8.134035547209486,8.0,8.5,0.36596445279051437,0.5,TOTAL_MARKET_CERTIFIED_PAIRED,2026-08-08T15:47:16Z,LowVig.ag,DESCRIPTIVE_ONLY_NO_EDGE_OR_EV,,,
GAME,PROSPECTIVE_AUG06_15,RETROSPECTIVE_POST_HOC_DIAGNOSTIC,2026-08-08,823102,A_CONTROL,DIRECT_NEGATIVE_BINOMIAL_RAW_V1,7.885864155224784,7.0,7.0,0.8858641552247839,0.0,TOTAL_MARKET_CERTIFIED_PAIRED,2026-08-08T15:47:16Z,LowVig.ag,DESCRIPTIVE_ONLY_NO_EDGE_OR_EV,,,
GAME,PROSPECTIVE_AUG06_15,RETROSPECTIVE_POST_HOC_DIAGNOSTIC,2026-08-08,823188,A_CONTROL,DIRECT_NEGATIVE_BINOMIAL_RAW_V1,7.778831052279777,7.0,8.0,0.22116894772022277,1.0,TOTAL_MARKET_CERTIFIED_PAIRED,2026-08-08T15:47:16Z,LowVig.ag,DESCRIPTIVE_ONLY_NO_EDGE_OR_EV,,,
GAME,PROSPECTIVE_AUG06_15,RETROSPECTIVE_POST_HOC_DIAGNOSTIC,2026-08-08,823267,A_CONTROL,DIRECT_NEGATIVE_BINOMIAL_RAW_V1,7.560184496283856,7.0,7.5,0.06018449628385625,0.5,TOTAL_MARKET_CERTIFIED_PAIRED,2026-08-08T15:47:16Z,LowVig.ag,DESCRIPTIVE_ONLY_NO_EDGE_OR_EV,,,
GAME,PROSPECTIVE_AUG06_15,RETROSPECTIVE_POST_HOC_DIAGNOSTIC,2026-08-08,823348,A_CONTROL,DIRECT_NEGATIVE_BINOMIAL_RAW_V1,7.830180028076708,7.0,9.0,1.1698199719232916,2.0,TOTAL_MARKET_CERTIFIED_PAIRED,2026-08-08T15:47:16Z,LowVig.ag,DESCRIPTIVE_ONLY_NO_EDGE_OR_EV,,,
GAME,PROSPECTIVE_AUG06_15,RETROSPECTIVE_POST_HOC_DIAGNOSTIC,2026-08-08,823426,A_CONTROL,DIRECT_NEGATIVE_BINOMIAL_RAW_V1,8.416837843170267,8.0,9.5,1.083162156829733,1.5,TOTAL_MARKET_CERTIFIED_PAIRED,2026-08-08T15:47:16Z,LowVig.ag,DESCRIPTIVE_ONLY_NO_EDGE_OR_EV,,,
GAME,PROSPECTIVE_AUG06_15,RETROSPECTIVE_POST_HOC_DIAGNOSTIC,2026-08-08,823514,A_CONTROL,DIRECT_NEGATIVE_BINOMIAL_RAW_V1,8.038424726877535,8.0,7.5,0.5384247268775351,0.5,TOTAL_MARKET_CERTIFIED_PAIRED,2026-08-08T15:47:16Z,LowVig.ag,DESCRIPTIVE_ONLY_NO_EDGE_OR_EV,,,
GAME,PROSPECTIVE_AUG06_15,RETROSPECTIVE_POST_HOC_DIAGNOSTIC,2026-08-08,823752,A_CONTROL,DIRECT_NEGATIVE_BINOMIAL_RAW_V1,7.619013617224341,7.0,8.0,0.3809863827756592,1.0,TOTAL_MARKET_CERTIFIED_PAIRED,2026-08-08T15:47:16Z,LowVig.ag,DESCRIPTIVE_ONLY_NO_EDGE_OR_EV,,,
GAME,PROSPECTIVE_AUG06_15,RETROSPECTIVE_POST_HOC_DIAGNOSTIC,2026-08-08,823834,A_CONTROL,DIRECT_NEGATIVE_BINOMIAL_RAW_V1,8.176037468067737,8.0,7.5,0.6760374680677366,0.5,TOTAL_MARKET_CERTIFIED_PAIRED,2026-08-08T15:47:16Z,LowVig.ag,DESCRIPTIVE_ONLY_NO_EDGE_OR_EV,,,
GAME,PROSPECTIVE_AUG06_15,RETROSPECTIVE_POST_HOC_DIAGNOSTIC,2026-08-08,824079,A_CONTROL,DIRECT_NEGATIVE_BINOMIAL_RAW_V1,8.809305867282964,8.0,9.5,0.6906941327170362,1.5,TOTAL_MARKET_CERTIFIED_PAIRED,2026-08-08T15:47:16Z,LowVig.ag,DESCRIPTIVE_ONLY_NO_EDGE_OR_EV,,,
GAME,PROSPECTIVE_AUG06_15,RETROSPECTIVE_POST_HOC_DIAGNOSTIC,2026-08-08,824565,A_CONTROL,DIRECT_NEGATIVE_BINOMIAL_RAW_V1,7.8220269203190265,7.0,7.5,0.32202692031902647,0.5,TOTAL_MARKET_CERTIFIED_PAIRED,2026-08-08T15:47:16Z,LowVig.ag,DESCRIPTIVE_ONLY_NO_EDGE_OR_EV,,,
GAME,PROSPECTIVE_AUG06_15,RETROSPECTIVE_POST_HOC_DIAGNOSTIC,2026-08-08,824726,A_CONTROL,DIRECT_NEGATIVE_BINOMIAL_RAW_V1,7.477831199072225,7.0,9.0,1.5221688009277754,2.0,TOTAL_MARKET_CERTIFIED_PAIRED,2026-08-08T15:47:16Z,LowVig.ag,DESCRIPTIVE_ONLY_NO_EDGE_OR_EV,,,
GAME,PROSPECTIVE_AUG06_15,RETROSPECTIVE_POST_HOC_DIAGNOSTIC,2026-08-08,825049,A_CONTROL,DIRECT_NEGATIVE_BINOMIAL_RAW_V1,8.817123040561427,8.0,8.0,0.8171230405614267,0.0,TOTAL_MARKET_CERTIFIED_PAIRED,2026-08-08T15:47:16Z,LowVig.ag,DESCRIPTIVE_ONLY_NO_EDGE_OR_EV,,,
GAME,PROSPECTIVE_AUG06_15,RETROSPECTIVE_POST_HOC_DIAGNOSTIC,2026-08-09,822700,A_CONTROL,DIRECT_NEGATIVE_BINOMIAL_RAW_V1,8.470980840310636,8.0,9.0,0.5290191596893639,1.0,TOTAL_MARKET_CERTIFIED_PAIRED,2026-08-09T12:50:29Z,Bovada,DESCRIPTIVE_ONLY_NO_EDGE_OR_EV,,,
GAME,PROSPECTIVE_AUG06_15,RETROSPECTIVE_POST_HOC_DIAGNOSTIC,2026-08-09,822862,A_CONTROL,DIRECT_NEGATIVE_BINOMIAL_RAW_V1,7.229695337915312,7.0,8.5,1.2703046620846878,1.5,TOTAL_MARKET_CERTIFIED_PAIRED,2026-08-09T12:50:29Z,Bovada,DESCRIPTIVE_ONLY_NO_EDGE_OR_EV,,,
GAME,PROSPECTIVE_AUG06_15,RETROSPECTIVE_POST_HOC_DIAGNOSTIC,2026-08-09,823020,A_CONTROL,DIRECT_NEGATIVE_BINOMIAL_RAW_V1,7.807584415671609,7.0,9.0,1.1924155843283906,2.0,TOTAL_MARKET_CERTIFIED_PAIRED,2026-08-09T12:50:29Z,Bovada,DESCRIPTIVE_ONLY_NO_EDGE_OR_EV,,,
GAME,PROSPECTIVE_AUG06_15,RETROSPECTIVE_POST_HOC_DIAGNOSTIC,2026-08-09,823104,A_CONTROL,DIRECT_NEGATIVE_BINOMIAL_RAW_V1,7.354764535222743,7.0,7.5,0.14523546477725713,0.5,TOTAL_MARKET_CERTIFIED_PAIRED,2026-08-09T15:47:41Z,LowVig.ag,DESCRIPTIVE_ONLY_NO_EDGE_OR_EV,,,
GAME,PROSPECTIVE_AUG06_15,RETROSPECTIVE_POST_HOC_DIAGNOSTIC,2026-08-09,823190,A_CONTROL,DIRECT_NEGATIVE_BINOMIAL_RAW_V1,7.890106203503077,7.0,7.5,0.3901062035030769,0.5,TOTAL_MARKET_CERTIFIED_PAIRED,2026-08-09T12:50:29Z,Bovada,DESCRIPTIVE_ONLY_NO_EDGE_OR_EV,,,
GAME,PROSPECTIVE_AUG06_15,RETROSPECTIVE_POST_HOC_DIAGNOSTIC,2026-08-09,823268,A_CONTROL,DIRECT_NEGATIVE_BINOMIAL_RAW_V1,7.723633336543502,7.0,9.0,1.276366663456498,2.0,TOTAL_MARKET_CERTIFIED_PAIRED,2026-08-09T20:08:27Z,Pinnacle,DESCRIPTIVE_ONLY_NO_EDGE_OR_EV,,,
GAME,PROSPECTIVE_AUG06_15,RETROSPECTIVE_POST_HOC_DIAGNOSTIC,2026-08-09,823345,A_CONTROL,DIRECT_NEGATIVE_BINOMIAL_RAW_V1,7.937175460525815,7.0,8.0,0.06282453947418531,1.0,TOTAL_MARKET_CERTIFIED_PAIRED,2026-08-09T12:50:29Z,Bovada,DESCRIPTIVE_ONLY_NO_EDGE_OR_EV,,,
GAME,PROSPECTIVE_AUG06_15,RETROSPECTIVE_POST_HOC_DIAGNOSTIC,2026-08-09,823425,A_CONTROL,DIRECT_NEGATIVE_BINOMIAL_RAW_V1,8.203256367919836,8.0,8.0,0.20325636791983648,0.0,TOTAL_MARKET_CERTIFIED_PAIRED,2026-08-09T12:50:29Z,Bovada,DESCRIPTIVE_ONLY_NO_EDGE_OR_EV,,,
GAME,PROSPECTIVE_AUG06_15,RETROSPECTIVE_POST_HOC_DIAGNOSTIC,2026-08-09,823513,A_CONTROL,DIRECT_NEGATIVE_BINOMIAL_RAW_V1,8.033260148837053,8.0,8.5,0.4667398511629468,0.5,TOTAL_MARKET_CERTIFIED_PAIRED,2026-08-09T12:50:29Z,Bovada,DESCRIPTIVE_ONLY_NO_EDGE_OR_EV,,,
GAME,PROSPECTIVE_AUG06_15,RETROSPECTIVE_POST_HOC_DIAGNOSTIC,2026-08-09,823751,A_CONTROL,DIRECT_NEGATIVE_BINOMIAL_RAW_V1,7.654569120978252,7.0,7.5,0.15456912097825182,0.5,TOTAL_MARKET_CERTIFIED_PAIRED,2026-08-09T12:50:29Z,Bovada,DESCRIPTIVE_ONLY_NO_EDGE_OR_EV,,,
GAME,PROSPECTIVE_AUG06_15,RETROSPECTIVE_POST_HOC_DIAGNOSTIC,2026-08-09,823835,A_CONTROL,DIRECT_NEGATIVE_BINOMIAL_RAW_V1,8.12216840131297,8.0,8.5,0.3778315986870293,0.5,TOTAL_MARKET_CERTIFIED_PAIRED,2026-08-09T12:50:29Z,Bovada,DESCRIPTIVE_ONLY_NO_EDGE_OR_EV,,,
GAME,PROSPECTIVE_AUG06_15,RETROSPECTIVE_POST_HOC_DIAGNOSTIC,2026-08-09,824078,A_CONTROL,DIRECT_NEGATIVE_BINOMIAL_RAW_V1,8.032976187277546,8.0,10.0,1.967023812722454,2.0,TOTAL_MARKET_CERTIFIED_PAIRED,2026-08-09T12:50:29Z,Bovada,DESCRIPTIVE_ONLY_NO_EDGE_OR_EV,,,
GAME,PROSPECTIVE_AUG06_15,RETROSPECTIVE_POST_HOC_DIAGNOSTIC,2026-08-09,824564,A_CONTROL,DIRECT_NEGATIVE_BINOMIAL_RAW_V1,7.852918947174112,7.0,8.5,0.6470810528258877,1.5,TOTAL_MARKET_CERTIFIED_PAIRED,2026-08-09T12:50:29Z,Bovada,DESCRIPTIVE_ONLY_NO_EDGE_OR_EV,,,
GAME,PROSPECTIVE_AUG06_15,RETROSPECTIVE_POST_HOC_DIAGNOSTIC,2026-08-09,824724,A_CONTROL,DIRECT_NEGATIVE_BINOMIAL_RAW_V1,7.762338540970757,7.0,9.5,1.7376614590292432,2.5,TOTAL_MARKET_CERTIFIED_PAIRED,2026-08-09T15:47:41Z,LowVig.ag,DESCRIPTIVE_ONLY_NO_EDGE_OR_EV,,,
GAME,PROSPECTIVE_AUG06_15,RETROSPECTIVE_POST_HOC_DIAGNOSTIC,2026-08-09,825050,A_CONTROL,DIRECT_NEGATIVE_BINOMIAL_RAW_V1,8.640769859793577,8.0,9.0,0.35923014020642263,1.0,TOTAL_MARKET_CERTIFIED_PAIRED,2026-08-09T12:50:29Z,Bovada,DESCRIPTIVE_ONLY_NO_EDGE_OR_EV,,,
GAME,PROSPECTIVE_AUG06_15,RETROSPECTIVE_POST_HOC_DIAGNOSTIC,2026-08-10,822780,A_CONTROL,DIRECT_NEGATIVE_BINOMIAL_RAW_V1,8.244352819206098,8.0,8.5,0.25564718079390225,0.5,TOTAL_MARKET_CERTIFIED_PAIRED,2026-08-10T12:44:42Z,BetRivers,DESCRIPTIVE_ONLY_NO_EDGE_OR_EV,,,
GAME,PROSPECTIVE_AUG06_15,RETROSPECTIVE_POST_HOC_DIAGNOSTIC,2026-08-10,823018,A_CONTROL,DIRECT_NEGATIVE_BINOMIAL_RAW_V1,7.613315138167361,7.0,9.0,1.3866848618326388,2.0,TOTAL_MARKET_CERTIFIED_PAIRED,2026-08-10T12:44:42Z,BetRivers,DESCRIPTIVE_ONLY_NO_EDGE_OR_EV,,,
GAME,PROSPECTIVE_AUG06_15,RETROSPECTIVE_POST_HOC_DIAGNOSTIC,2026-08-10,823189,A_CONTROL,DIRECT_NEGATIVE_BINOMIAL_RAW_V1,7.589603357086832,7.0,8.5,0.9103966429131676,1.5,TOTAL_MARKET_CERTIFIED_PAIRED,2026-08-10T12:44:42Z,BetRivers,DESCRIPTIVE_ONLY_NO_EDGE_OR_EV,,,
GAME,PROSPECTIVE_AUG06_15,RETROSPECTIVE_POST_HOC_DIAGNOSTIC,2026-08-10,823265,A_CONTROL,DIRECT_NEGATIVE_BINOMIAL_RAW_V1,7.710834804443591,7.0,7.5,0.21083480444359104,0.5,TOTAL_MARKET_CERTIFIED_PAIRED,2026-08-10T12:44:42Z,BetRivers,DESCRIPTIVE_ONLY_NO_EDGE_OR_EV,,,
GAME,PROSPECTIVE_AUG06_15,RETROSPECTIVE_POST_HOC_DIAGNOSTIC,2026-08-10,823675,A_CONTROL,DIRECT_NEGATIVE_BINOMIAL_RAW_V1,8.571435234732478,8.0,8.0,0.571435234732478,0.0,TOTAL_MARKET_CERTIFIED_PAIRED,2026-08-10T12:44:42Z,BetRivers,DESCRIPTIVE_ONLY_NO_EDGE_OR_EV,,,
GAME,PROSPECTIVE_AUG06_15,RETROSPECTIVE_POST_HOC_DIAGNOSTIC,2026-08-10,823918,A_CONTROL,DIRECT_NEGATIVE_BINOMIAL_RAW_V1,7.878608622052052,7.0,7.5,0.37860862205205237,0.5,TOTAL_MARKET_CERTIFIED_PAIRED,2026-08-10T12:44:42Z,BetRivers,DESCRIPTIVE_ONLY_NO_EDGE_OR_EV,,,
GAME,PROSPECTIVE_AUG06_15,RETROSPECTIVE_POST_HOC_DIAGNOSTIC,2026-08-10,823998,A_CONTROL,DIRECT_NEGATIVE_BINOMIAL_RAW_V1,8.357210642434513,8.0,8.0,0.35721064243451295,0.0,TOTAL_MARKET_CERTIFIED_PAIRED,2026-08-10T12:44:42Z,BetRivers,DESCRIPTIVE_ONLY_NO_EDGE_OR_EV,,,
GAME,PROSPECTIVE_AUG06_15,RETROSPECTIVE_POST_HOC_DIAGNOSTIC,2026-08-10,824887,A_CONTROL,DIRECT_NEGATIVE_BINOMIAL_RAW_V1,7.953364944049966,7.0,8.5,0.5466350559500341,1.5,TOTAL_MARKET_CERTIFIED_PAIRED,2026-08-10T12:44:42Z,BetRivers,DESCRIPTIVE_ONLY_NO_EDGE_OR_EV,,,
GAME,PROSPECTIVE_AUG06_15,RETROSPECTIVE_POST_HOC_DIAGNOSTIC,2026-08-10,824969,A_CONTROL,DIRECT_NEGATIVE_BINOMIAL_RAW_V1,9.723573134814238,9.0,10.0,0.276426865185762,1.0,TOTAL_MARKET_CERTIFIED_PAIRED,2026-08-10T12:44:42Z,BetRivers,DESCRIPTIVE_ONLY_NO_EDGE_OR_EV,,,
GAME,PROSPECTIVE_AUG06_15,RETROSPECTIVE_POST_HOC_DIAGNOSTIC,2026-08-10,825048,A_CONTROL,DIRECT_NEGATIVE_BINOMIAL_RAW_V1,8.445726599114565,8.0,8.5,0.05427340088543531,0.5,TOTAL_MARKET_CERTIFIED_PAIRED,2026-08-10T12:44:42Z,BetRivers,DESCRIPTIVE_ONLY_NO_EDGE_OR_EV,,,
GAME,PROSPECTIVE_AUG06_15,RETROSPECTIVE_POST_HOC_DIAGNOSTIC,2026-08-11,822697,A_CONTROL,DIRECT_NEGATIVE_BINOMIAL_RAW_V1,8.835534472542005,8.0,9.0,0.16446552745799536,1.0,TOTAL_MARKET_CERTIFIED_PAIRED,2026-08-11T20:17:48Z,FanDuel,DESCRIPTIVE_ONLY_NO_EDGE_OR_EV,,,
GAME,PROSPECTIVE_AUG06_15,RETROSPECTIVE_POST_HOC_DIAGNOSTIC,2026-08-11,822778,A_CONTROL,DIRECT_NEGATIVE_BINOMIAL_RAW_V1,8.237171220959544,8.0,7.0,1.237171220959544,1.0,TOTAL_MARKET_CERTIFIED_PAIRED,2026-08-11T12:49:21Z,Fanatics,DESCRIPTIVE_ONLY_NO_EDGE_OR_EV,,,
GAME,PROSPECTIVE_AUG06_15,RETROSPECTIVE_POST_HOC_DIAGNOSTIC,2026-08-11,823019,A_CONTROL,DIRECT_NEGATIVE_BINOMIAL_RAW_V1,8.002540967339032,7.0,8.0,0.002540967339031752,1.0,TOTAL_MARKET_CERTIFIED_PAIRED,2026-08-11T12:49:21Z,Fanatics,DESCRIPTIVE_ONLY_NO_EDGE_OR_EV,,,
GAME,PROSPECTIVE_AUG06_15,RETROSPECTIVE_POST_HOC_DIAGNOSTIC,2026-08-11,823186,A_CONTROL,DIRECT_NEGATIVE_BINOMIAL_RAW_V1,7.672305312744075,7.0,8.0,0.3276946872559252,1.0,TOTAL_MARKET_CERTIFIED_PAIRED,2026-08-11T18:18:09Z,Pinnacle,DESCRIPTIVE_ONLY_NO_EDGE_OR_EV,,,
GAME,PROSPECTIVE_AUG06_15,RETROSPECTIVE_POST_HOC_DIAGNOSTIC,2026-08-11,823264,A_CONTROL,DIRECT_NEGATIVE_BINOMIAL_RAW_V1,7.5490449234519925,7.0,7.5,0.04904492345199252,0.5,TOTAL_MARKET_CERTIFIED_PAIRED,2026-08-11T12:49:21Z,Fanatics,DESCRIPTIVE_ONLY_NO_EDGE_OR_EV,,,
GAME,PROSPECTIVE_AUG06_15,RETROSPECTIVE_POST_HOC_DIAGNOSTIC,2026-08-11,823512,A_CONTROL,DIRECT_NEGATIVE_BINOMIAL_RAW_V1,7.967648283195693,7.0,8.0,0.03235171680430682,1.0,TOTAL_MARKET_CERTIFIED_PAIRED,2026-08-11T12:49:21Z,Fanatics,DESCRIPTIVE_ONLY_NO_EDGE_OR_EV,,,
GAME,PROSPECTIVE_AUG06_15,RETROSPECTIVE_POST_HOC_DIAGNOSTIC,2026-08-11,823673,A_CONTROL,DIRECT_NEGATIVE_BINOMIAL_RAW_V1,8.602300549336602,8.0,9.5,0.8976994506633975,1.5,TOTAL_MARKET_CERTIFIED_PAIRED,2026-08-11T12:49:21Z,Fanatics,DESCRIPTIVE_ONLY_NO_EDGE_OR_EV,,,
GAME,PROSPECTIVE_AUG06_15,RETROSPECTIVE_POST_HOC_DIAGNOSTIC,2026-08-11,823832,A_CONTROL,DIRECT_NEGATIVE_BINOMIAL_RAW_V1,8.117596578293712,8.0,7.0,1.1175965782937123,1.0,TOTAL_MARKET_CERTIFIED_PAIRED,2026-08-11T12:49:21Z,Fanatics,DESCRIPTIVE_ONLY_NO_EDGE_OR_EV,,,
GAME,PROSPECTIVE_AUG06_15,RETROSPECTIVE_POST_HOC_DIAGNOSTIC,2026-08-11,823917,A_CONTROL,DIRECT_NEGATIVE_BINOMIAL_RAW_V1,7.943111887602854,7.0,8.5,0.5568881123971456,1.5,TOTAL_MARKET_CERTIFIED_PAIRED,2026-08-11T12:49:21Z,Fanatics,DESCRIPTIVE_ONLY_NO_EDGE_OR_EV,,,
GAME,PROSPECTIVE_AUG06_15,RETROSPECTIVE_POST_HOC_DIAGNOSTIC,2026-08-11,823997,A_CONTROL,DIRECT_NEGATIVE_BINOMIAL_RAW_V1,8.058873516785129,8.0,9.0,0.9411264832148714,1.0,TOTAL_MARKET_CERTIFIED_PAIRED,2026-08-11T12:49:21Z,Fanatics,DESCRIPTIVE_ONLY_NO_EDGE_OR_EV,,,
GAME,PROSPECTIVE_AUG06_15,RETROSPECTIVE_POST_HOC_DIAGNOSTIC,2026-08-11,824240,A_CONTROL,DIRECT_NEGATIVE_BINOMIAL_RAW_V1,7.720134527381689,7.0,8.5,0.7798654726183107,1.5,TOTAL_MARKET_CERTIFIED_PAIRED,2026-08-11T12:49:21Z,Fanatics,DESCRIPTIVE_ONLY_NO_EDGE_OR_EV,,,
GAME,PROSPECTIVE_AUG06_15,RETROSPECTIVE_POST_HOC_DIAGNOSTIC,2026-08-11,824563,A_CONTROL,DIRECT_NEGATIVE_BINOMIAL_RAW_V1,7.942758331568477,7.0,8.0,0.057241668431522896,1.0,TOTAL_MARKET_CERTIFIED_PAIRED,2026-08-11T12:49:21Z,Fanatics,DESCRIPTIVE_ONLY_NO_EDGE_OR_EV,,,
GAME,PROSPECTIVE_AUG06_15,RETROSPECTIVE_POST_HOC_DIAGNOSTIC,2026-08-11,824886,A_CONTROL,DIRECT_NEGATIVE_BINOMIAL_RAW_V1,8.020939474284578,8.0,8.5,0.4790605257154219,0.5,TOTAL_MARKET_CERTIFIED_PAIRED,2026-08-11T12:49:21Z,Fanatics,DESCRIPTIVE_ONLY_NO_EDGE_OR_EV,,,
GAME,PROSPECTIVE_AUG06_15,RETROSPECTIVE_POST_HOC_DIAGNOSTIC,2026-08-11,824970,A_CONTROL,DIRECT_NEGATIVE_BINOMIAL_RAW_V1,9.802155503887674,9.0,10.0,0.19784449611232624,1.0,TOTAL_MARKET_CERTIFIED_PAIRED,2026-08-11T12:49:21Z,Fanatics,DESCRIPTIVE_ONLY_NO_EDGE_OR_EV,,,
GAME,PROSPECTIVE_AUG06_15,RETROSPECTIVE_POST_HOC_DIAGNOSTIC,2026-08-11,825046,A_CONTROL,DIRECT_NEGATIVE_BINOMIAL_RAW_V1,7.83378759758069,7.0,9.5,1.6662124024193101,2.5,TOTAL_MARKET_CERTIFIED_PAIRED,2026-08-11T12:49:21Z,Fanatics,DESCRIPTIVE_ONLY_NO_EDGE_OR_EV,,,
GAME,PROSPECTIVE_AUG06_15,RETROSPECTIVE_POST_HOC_DIAGNOSTIC,2026-08-12,822698,A_CONTROL,DIRECT_NEGATIVE_BINOMIAL_RAW_V1,8.46708146882404,8.0,9.5,1.0329185311759606,1.5,TOTAL_MARKET_CERTIFIED_PAIRED,2026-08-12T12:50:01Z,Pinnacle,DESCRIPTIVE_ONLY_NO_EDGE_OR_EV,,,
GAME,PROSPECTIVE_AUG06_15,RETROSPECTIVE_POST_HOC_DIAGNOSTIC,2026-08-12,822779,A_CONTROL,DIRECT_NEGATIVE_BINOMIAL_RAW_V1,7.906632514728591,7.0,7.5,0.4066325147285914,0.5,TOTAL_MARKET_CERTIFIED_PAIRED,2026-08-12T12:50:01Z,BetMGM,DESCRIPTIVE_ONLY_NO_EDGE_OR_EV,,,
GAME,PROSPECTIVE_AUG06_15,RETROSPECTIVE_POST_HOC_DIAGNOSTIC,2026-08-12,823017,A_CONTROL,DIRECT_NEGATIVE_BINOMIAL_RAW_V1,7.492858592814536,7.0,8.0,0.5071414071854639,1.0,TOTAL_MARKET_CERTIFIED_PAIRED,2026-08-12T12:50:01Z,Pinnacle,DESCRIPTIVE_ONLY_NO_EDGE_OR_EV,,,
GAME,PROSPECTIVE_AUG06_15,RETROSPECTIVE_POST_HOC_DIAGNOSTIC,2026-08-12,823187,A_CONTROL,DIRECT_NEGATIVE_BINOMIAL_RAW_V1,8.051932674383277,8.0,8.5,0.4480673256167229,0.5,TOTAL_MARKET_CERTIFIED_PAIRED,2026-08-12T15:47:50Z,Pinnacle,DESCRIPTIVE_ONLY_NO_EDGE_OR_EV,,,
GAME,PROSPECTIVE_AUG06_15,RETROSPECTIVE_POST_HOC_DIAGNOSTIC,2026-08-12,823263,A_CONTROL,DIRECT_NEGATIVE_BINOMIAL_RAW_V1,7.592204702055248,7.0,8.0,0.40779529794475167,1.0,TOTAL_MARKET_CERTIFIED_PAIRED,2026-08-12T12:50:01Z,Pinnacle,DESCRIPTIVE_ONLY_NO_EDGE_OR_EV,,,
GAME,PROSPECTIVE_AUG06_15,RETROSPECTIVE_POST_HOC_DIAGNOSTIC,2026-08-12,823511,A_CONTROL,DIRECT_NEGATIVE_BINOMIAL_RAW_V1,8.253038271028911,8.0,8.5,0.2469617289710886,0.5,TOTAL_MARKET_CERTIFIED_PAIRED,2026-08-12T12:50:01Z,BetMGM,DESCRIPTIVE_ONLY_NO_EDGE_OR_EV,,,
GAME,PROSPECTIVE_AUG06_15,RETROSPECTIVE_POST_HOC_DIAGNOSTIC,2026-08-12,823672,A_CONTROL,DIRECT_NEGATIVE_BINOMIAL_RAW_V1,8.33344592804971,8.0,9.0,0.6665540719502907,1.0,TOTAL_MARKET_CERTIFIED_PAIRED,2026-08-12T12:50:01Z,Pinnacle,DESCRIPTIVE_ONLY_NO_EDGE_OR_EV,,,
GAME,PROSPECTIVE_AUG06_15,RETROSPECTIVE_POST_HOC_DIAGNOSTIC,2026-08-12,823833,A_CONTROL,DIRECT_NEGATIVE_BINOMIAL_RAW_V1,8.111110811613337,8.0,8.0,0.11111081161333658,0.0,TOTAL_MARKET_CERTIFIED_PAIRED,2026-08-12T12:50:01Z,Pinnacle,DESCRIPTIVE_ONLY_NO_EDGE_OR_EV,,,
GAME,PROSPECTIVE_AUG06_15,RETROSPECTIVE_POST_HOC_DIAGNOSTIC,2026-08-12,823916,A_CONTROL,DIRECT_NEGATIVE_BINOMIAL_RAW_V1,7.585672541180949,7.0,9.0,1.4143274588190513,2.0,TOTAL_MARKET_CERTIFIED_PAIRED,2026-08-12T12:50:01Z,BetMGM,DESCRIPTIVE_ONLY_NO_EDGE_OR_EV,,,
GAME,PROSPECTIVE_AUG06_15,RETROSPECTIVE_POST_HOC_DIAGNOSTIC,2026-08-12,823994,A_CONTROL,DIRECT_NEGATIVE_BINOMIAL_RAW_V1,8.448288414619057,8.0,9.5,1.051711585380943,1.5,TOTAL_MARKET_CERTIFIED_PAIRED,2026-08-12T12:50:01Z,Pinnacle,DESCRIPTIVE_ONLY_NO_EDGE_OR_EV,,,
GAME,PROSPECTIVE_AUG06_15,RETROSPECTIVE_POST_HOC_DIAGNOSTIC,2026-08-12,824241,A_CONTROL,DIRECT_NEGATIVE_BINOMIAL_RAW_V1,8.829528408931358,8.0,8.0,0.8295284089313579,0.0,TOTAL_MARKET_CERTIFIED_PAIRED,2026-08-12T12:50:01Z,Pinnacle,DESCRIPTIVE_ONLY_NO_EDGE_OR_EV,,,
GAME,PROSPECTIVE_AUG06_15,RETROSPECTIVE_POST_HOC_DIAGNOSTIC,2026-08-12,824562,A_CONTROL,DIRECT_NEGATIVE_BINOMIAL_RAW_V1,8.379441663422579,8.0,9.0,0.620558336577421,1.0,TOTAL_MARKET_CERTIFIED_PAIRED,2026-08-12T12:50:01Z,Pinnacle,DESCRIPTIVE_ONLY_NO_EDGE_OR_EV,,,
GAME,PROSPECTIVE_AUG06_15,RETROSPECTIVE_POST_HOC_DIAGNOSTIC,2026-08-12,824883,A_CONTROL,DIRECT_NEGATIVE_BINOMIAL_RAW_V1,7.610935845009887,7.0,8.5,0.8890641549901126,1.5,TOTAL_MARKET_CERTIFIED_PAIRED,2026-08-12T12:50:01Z,Pinnacle,DESCRIPTIVE_ONLY_NO_EDGE_OR_EV,,,
GAME,PROSPECTIVE_AUG06_15,RETROSPECTIVE_POST_HOC_DIAGNOSTIC,2026-08-12,824967,A_CONTROL,DIRECT_NEGATIVE_BINOMIAL_RAW_V1,9.72174128204416,9.0,9.5,0.22174128204416022,0.5,TOTAL_MARKET_CERTIFIED_PAIRED,2026-08-12T12:50:01Z,LowVig.ag,DESCRIPTIVE_ONLY_NO_EDGE_OR_EV,,,
GAME,PROSPECTIVE_AUG06_15,RETROSPECTIVE_POST_HOC_DIAGNOSTIC,2026-08-12,825047,A_CONTROL,DIRECT_NEGATIVE_BINOMIAL_RAW_V1,8.338820374750286,8.0,9.5,1.161179625249714,1.5,TOTAL_MARKET_CERTIFIED_PAIRED,2026-08-12T12:50:01Z,BetMGM,DESCRIPTIVE_ONLY_NO_EDGE_OR_EV,,,
GAME,PROSPECTIVE_AUG06_15,RETROSPECTIVE_POST_HOC_DIAGNOSTIC,2026-08-13,822696,A_CONTROL,DIRECT_NEGATIVE_BINOMIAL_RAW_V1,8.222723576124793,8.0,9.0,0.7772764238752075,1.0,TOTAL_MARKET_CERTIFIED_PAIRED,2026-08-13T12:44:08Z,Bovada,DESCRIPTIVE_ONLY_NO_EDGE_OR_EV,,,
GAME,PROSPECTIVE_AUG06_15,RETROSPECTIVE_POST_HOC_DIAGNOSTIC,2026-08-13,822776,A_CONTROL,DIRECT_NEGATIVE_BINOMIAL_RAW_V1,8.155576908385202,8.0,8.0,0.15557690838520166,0.0,TOTAL_MARKET_CERTIFIED_PAIRED,2026-08-13T12:44:08Z,Bovada,DESCRIPTIVE_ONLY_NO_EDGE_OR_EV,,,
GAME,PROSPECTIVE_AUG06_15,RETROSPECTIVE_POST_HOC_DIAGNOSTIC,2026-08-13,823508,A_CONTROL,DIRECT_NEGATIVE_BINOMIAL_RAW_V1,8.376721162630842,8.0,8.0,0.376721162630842,0.0,TOTAL_MARKET_CERTIFIED_PAIRED,2026-08-13T12:44:08Z,Bovada,DESCRIPTIVE_ONLY_NO_EDGE_OR_EV,,,
GAME,PROSPECTIVE_AUG06_15,RETROSPECTIVE_POST_HOC_DIAGNOSTIC,2026-08-13,823829,A_CONTROL,DIRECT_NEGATIVE_BINOMIAL_RAW_V1,7.986041094604796,7.0,8.0,0.013958905395203836,1.0,TOTAL_MARKET_CERTIFIED_PAIRED,2026-08-13T12:44:08Z,Bovada,DESCRIPTIVE_ONLY_NO_EDGE_OR_EV,,,
GAME,PROSPECTIVE_AUG06_15,RETROSPECTIVE_POST_HOC_DIAGNOSTIC,2026-08-13,823915,A_CONTROL,DIRECT_NEGATIVE_BINOMIAL_RAW_V1,7.609337733695186,7.0,8.5,0.8906622663048136,1.5,TOTAL_MARKET_CERTIFIED_PAIRED,2026-08-13T12:44:08Z,Bovada,DESCRIPTIVE_ONLY_NO_EDGE_OR_EV,,,
GAME,PROSPECTIVE_AUG06_15,RETROSPECTIVE_POST_HOC_DIAGNOSTIC,2026-08-13,823995,A_CONTROL,DIRECT_NEGATIVE_BINOMIAL_RAW_V1,7.553918184921802,7.0,8.0,0.4460818150781982,1.0,TOTAL_MARKET_CERTIFIED_PAIRED,2026-08-13T12:44:08Z,Bovada,DESCRIPTIVE_ONLY_NO_EDGE_OR_EV,,,
GAME,PROSPECTIVE_AUG06_15,RETROSPECTIVE_POST_HOC_DIAGNOSTIC,2026-08-13,824238,A_CONTROL,DIRECT_NEGATIVE_BINOMIAL_RAW_V1,7.9411754659262295,7.0,8.0,0.05882453407377053,1.0,TOTAL_MARKET_CERTIFIED_PAIRED,2026-08-13T12:44:08Z,Bovada,DESCRIPTIVE_ONLY_NO_EDGE_OR_EV,,,
GAME,PROSPECTIVE_AUG06_15,RETROSPECTIVE_POST_HOC_DIAGNOSTIC,2026-08-13,824561,A_CONTROL,DIRECT_NEGATIVE_BINOMIAL_RAW_V1,8.005217424959215,7.0,8.5,0.4947825750407855,1.5,TOTAL_MARKET_CERTIFIED_PAIRED,2026-08-13T12:44:08Z,Bovada,DESCRIPTIVE_ONLY_NO_EDGE_OR_EV,,,
GAME,PROSPECTIVE_AUG06_15,RETROSPECTIVE_POST_HOC_DIAGNOSTIC,2026-08-14,822777,A_CONTROL,DIRECT_NEGATIVE_BINOMIAL_RAW_V1,8.20899837787441,8.0,8.0,0.20899837787441022,0.0,TOTAL_MARKET_CERTIFIED_PAIRED,2026-08-14T12:48:19Z,LowVig.ag,DESCRIPTIVE_ONLY_NO_EDGE_OR_EV,,,
GAME,PROSPECTIVE_AUG06_15,RETROSPECTIVE_POST_HOC_DIAGNOSTIC,2026-08-14,822942,A_CONTROL,DIRECT_NEGATIVE_BINOMIAL_RAW_V1,7.972803760100367,7.0,8.0,0.0271962398996326,1.0,TOTAL_MARKET_CERTIFIED_PAIRED,2026-08-14T18:17:23Z,FanDuel,DESCRIPTIVE_ONLY_NO_EDGE_OR_EV,,,
GAME,PROSPECTIVE_AUG06_15,RETROSPECTIVE_POST_HOC_DIAGNOSTIC,2026-08-14,823185,A_CONTROL,DIRECT_NEGATIVE_BINOMIAL_RAW_V1,7.727099406914774,7.0,7.5,0.22709940691477382,0.5,TOTAL_MARKET_CERTIFIED_PAIRED,2026-08-14T12:48:19Z,LowVig.ag,DESCRIPTIVE_ONLY_NO_EDGE_OR_EV,,,
GAME,PROSPECTIVE_AUG06_15,RETROSPECTIVE_POST_HOC_DIAGNOSTIC,2026-08-14,823346,A_CONTROL,DIRECT_NEGATIVE_BINOMIAL_RAW_V1,7.833840094020714,7.0,8.0,0.16615990597928576,1.0,TOTAL_MARKET_CERTIFIED_PAIRED,2026-08-14T12:48:19Z,LowVig.ag,DESCRIPTIVE_ONLY_NO_EDGE_OR_EV,,,
GAME,PROSPECTIVE_AUG06_15,RETROSPECTIVE_POST_HOC_DIAGNOSTIC,2026-08-14,823591,A_CONTROL,DIRECT_NEGATIVE_BINOMIAL_RAW_V1,7.55951540815453,7.0,8.5,0.9404845918454701,1.5,TOTAL_MARKET_CERTIFIED_PAIRED,2026-08-14T12:48:19Z,LowVig.ag,DESCRIPTIVE_ONLY_NO_EDGE_OR_EV,,,
GAME,PROSPECTIVE_AUG06_15,RETROSPECTIVE_POST_HOC_DIAGNOSTIC,2026-08-14,823913,A_CONTROL,DIRECT_NEGATIVE_BINOMIAL_RAW_V1,7.6929850140873235,7.0,8.0,0.3070149859126765,1.0,TOTAL_MARKET_CERTIFIED_PAIRED,2026-08-14T12:48:19Z,LowVig.ag,DESCRIPTIVE_ONLY_NO_EDGE_OR_EV,,,
GAME,PROSPECTIVE_AUG06_15,RETROSPECTIVE_POST_HOC_DIAGNOSTIC,2026-08-14,823993,A_CONTROL,DIRECT_NEGATIVE_BINOMIAL_RAW_V1,8.179643371930684,8.0,9.0,0.820356628069316,1.0,TOTAL_MARKET_CERTIFIED_PAIRED,2026-08-14T12:48:19Z,LowVig.ag,DESCRIPTIVE_ONLY_NO_EDGE_OR_EV,,,
GAME,PROSPECTIVE_AUG06_15,RETROSPECTIVE_POST_HOC_DIAGNOSTIC,2026-08-14,824159,A_CONTROL,DIRECT_NEGATIVE_BINOMIAL_RAW_V1,7.681991755285065,7.0,8.0,0.3180082447149353,1.0,TOTAL_MARKET_CERTIFIED_PAIRED,2026-08-14T12:48:19Z,LowVig.ag,DESCRIPTIVE_ONLY_NO_EDGE_OR_EV,,,
GAME,PROSPECTIVE_AUG06_15,RETROSPECTIVE_POST_HOC_DIAGNOSTIC,2026-08-14,824237,A_CONTROL,DIRECT_NEGATIVE_BINOMIAL_RAW_V1,7.6130208238921755,7.0,8.5,0.8869791761078245,1.5,TOTAL_MARKET_CERTIFIED_PAIRED,2026-08-14T12:48:19Z,LowVig.ag,DESCRIPTIVE_ONLY_NO_EDGE_OR_EV,,,
GAME,PROSPECTIVE_AUG06_15,RETROSPECTIVE_POST_HOC_DIAGNOSTIC,2026-08-14,824399,A_CONTROL,DIRECT_NEGATIVE_BINOMIAL_RAW_V1,7.724515558242924,7.0,7.5,0.22451555824292413,0.5,TOTAL_MARKET_CERTIFIED_PAIRED,2026-08-14T12:48:19Z,LowVig.ag,DESCRIPTIVE_ONLY_NO_EDGE_OR_EV,,,
GAME,PROSPECTIVE_AUG06_15,RETROSPECTIVE_POST_HOC_DIAGNOSTIC,2026-08-14,824479,A_CONTROL,DIRECT_NEGATIVE_BINOMIAL_RAW_V1,7.806989868062871,7.0,8.0,0.1930101319371289,1.0,TOTAL_MARKET_CERTIFIED_PAIRED,2026-08-14T12:48:19Z,LowVig.ag,DESCRIPTIVE_ONLY_NO_EDGE_OR_EV,,,
GAME,PROSPECTIVE_AUG06_15,RETROSPECTIVE_POST_HOC_DIAGNOSTIC,2026-08-14,824643,A_CONTROL,DIRECT_NEGATIVE_BINOMIAL_RAW_V1,7.595822036265654,7.0,8.0,0.40417796373434633,1.0,TOTAL_MARKET_CERTIFIED_PAIRED,2026-08-14T12:48:19Z,FanDuel,DESCRIPTIVE_ONLY_NO_EDGE_OR_EV,,,
GAME,PROSPECTIVE_AUG06_15,RETROSPECTIVE_POST_HOC_DIAGNOSTIC,2026-08-14,824882,A_CONTROL,DIRECT_NEGATIVE_BINOMIAL_RAW_V1,7.955952402719436,7.0,9.5,1.5440475972805636,2.5,TOTAL_MARKET_CERTIFIED_PAIRED,2026-08-14T18:17:23Z,FanDuel,DESCRIPTIVE_ONLY_NO_EDGE_OR_EV,,,
GAME,PROSPECTIVE_AUG06_15,RETROSPECTIVE_POST_HOC_DIAGNOSTIC,2026-08-14,824968,A_CONTROL,DIRECT_NEGATIVE_BINOMIAL_RAW_V1,9.904846677651351,9.0,9.5,0.4048466776513511,0.5,TOTAL_MARKET_CERTIFIED_PAIRED,2026-08-14T23:44:05Z,Bovada,DESCRIPTIVE_ONLY_NO_EDGE_OR_EV,,,
GAME,PROSPECTIVE_AUG06_15,RETROSPECTIVE_POST_HOC_DIAGNOSTIC,2026-08-15,822775,A_CONTROL,DIRECT_NEGATIVE_BINOMIAL_RAW_V1,7.948724224426722,7.0,7.5,0.448724224426722,0.5,TOTAL_MARKET_CERTIFIED_PAIRED,2026-08-15T12:50:51Z,MyBookie.ag,DESCRIPTIVE_ONLY_NO_EDGE_OR_EV,,,
GAME,PROSPECTIVE_AUG06_15,RETROSPECTIVE_POST_HOC_DIAGNOSTIC,2026-08-15,822941,A_CONTROL,DIRECT_NEGATIVE_BINOMIAL_RAW_V1,7.736879487140698,7.0,7.5,0.23687948714069762,0.5,TOTAL_MARKET_CERTIFIED_PAIRED,2026-08-15T12:50:51Z,MyBookie.ag,DESCRIPTIVE_ONLY_NO_EDGE_OR_EV,,,
GAME,PROSPECTIVE_AUG06_15,RETROSPECTIVE_POST_HOC_DIAGNOSTIC,2026-08-15,823184,A_CONTROL,DIRECT_NEGATIVE_BINOMIAL_RAW_V1,7.652268339766789,7.0,7.5,0.15226833976678922,0.5,TOTAL_MARKET_CERTIFIED_PAIRED,2026-08-15T12:50:51Z,MyBookie.ag,DESCRIPTIVE_ONLY_NO_EDGE_OR_EV,,,
GAME,PROSPECTIVE_AUG06_15,RETROSPECTIVE_POST_HOC_DIAGNOSTIC,2026-08-15,823347,A_CONTROL,DIRECT_NEGATIVE_BINOMIAL_RAW_V1,7.925658195850601,7.0,8.0,0.07434180414939906,1.0,TOTAL_MARKET_CERTIFIED_PAIRED,2026-08-15T12:50:51Z,MyBookie.ag,DESCRIPTIVE_ONLY_NO_EDGE_OR_EV,,,
GAME,PROSPECTIVE_AUG06_15,RETROSPECTIVE_POST_HOC_DIAGNOSTIC,2026-08-15,823588,A_CONTROL,DIRECT_NEGATIVE_BINOMIAL_RAW_V1,7.7394699173179085,7.0,8.5,0.7605300826820915,1.5,TOTAL_MARKET_CERTIFIED_PAIRED,2026-08-15T12:50:51Z,MyBookie.ag,DESCRIPTIVE_ONLY_NO_EDGE_OR_EV,,,
GAME,PROSPECTIVE_AUG06_15,RETROSPECTIVE_POST_HOC_DIAGNOSTIC,2026-08-15,823671,A_CONTROL,DIRECT_NEGATIVE_BINOMIAL_RAW_V1,8.098541179892198,8.0,8.0,0.09854117989219802,0.0,TOTAL_MARKET_CERTIFIED_PAIRED,2026-08-15T12:50:51Z,MyBookie.ag,DESCRIPTIVE_ONLY_NO_EDGE_OR_EV,,,
GAME,PROSPECTIVE_AUG06_15,RETROSPECTIVE_POST_HOC_DIAGNOSTIC,2026-08-15,823914,A_CONTROL,DIRECT_NEGATIVE_BINOMIAL_RAW_V1,7.611240541711871,7.0,7.5,0.11124054171187137,0.5,TOTAL_MARKET_CERTIFIED_PAIRED,2026-08-15T12:50:51Z,MyBookie.ag,DESCRIPTIVE_ONLY_NO_EDGE_OR_EV,,,
GAME,PROSPECTIVE_AUG06_15,RETROSPECTIVE_POST_HOC_DIAGNOSTIC,2026-08-15,823990,A_CONTROL,DIRECT_NEGATIVE_BINOMIAL_RAW_V1,8.084339182629888,8.0,8.0,0.08433918262988804,0.0,TOTAL_MARKET_CERTIFIED_PAIRED,2026-08-15T12:50:51Z,MyBookie.ag,DESCRIPTIVE_ONLY_NO_EDGE_OR_EV,,,
GAME,PROSPECTIVE_AUG06_15,RETROSPECTIVE_POST_HOC_DIAGNOSTIC,2026-08-15,824157,A_CONTROL,DIRECT_NEGATIVE_BINOMIAL_RAW_V1,7.768526591094085,7.0,8.5,0.7314734089059147,1.5,TOTAL_MARKET_CERTIFIED_PAIRED,2026-08-15T12:50:51Z,MyBookie.ag,DESCRIPTIVE_ONLY_NO_EDGE_OR_EV,,,
GAME,PROSPECTIVE_AUG06_15,RETROSPECTIVE_POST_HOC_DIAGNOSTIC,2026-08-15,824239,A_CONTROL,DIRECT_NEGATIVE_BINOMIAL_RAW_V1,7.557219809790545,7.0,7.5,0.05721980979054475,0.5,TOTAL_MARKET_CERTIFIED_PAIRED,2026-08-15T12:50:51Z,MyBookie.ag,DESCRIPTIVE_ONLY_NO_EDGE_OR_EV,,,
GAME,PROSPECTIVE_AUG06_15,RETROSPECTIVE_POST_HOC_DIAGNOSTIC,2026-08-15,824400,A_CONTROL,DIRECT_NEGATIVE_BINOMIAL_RAW_V1,7.291016240990508,7.0,8.0,0.7089837590094916,1.0,TOTAL_MARKET_CERTIFIED_PAIRED,2026-08-15T20:16:09Z,Caesars,DESCRIPTIVE_ONLY_NO_EDGE_OR_EV,,,
GAME,PROSPECTIVE_AUG06_15,RETROSPECTIVE_POST_HOC_DIAGNOSTIC,2026-08-15,824480,A_CONTROL,DIRECT_NEGATIVE_BINOMIAL_RAW_V1,8.395487707028504,8.0,9.5,1.1045122929714957,1.5,TOTAL_MARKET_CERTIFIED_PAIRED,2026-08-15T12:50:51Z,MyBookie.ag,DESCRIPTIVE_ONLY_NO_EDGE_OR_EV,,,
GAME,PROSPECTIVE_AUG06_15,RETROSPECTIVE_POST_HOC_DIAGNOSTIC,2026-08-15,824644,A_CONTROL,DIRECT_NEGATIVE_BINOMIAL_RAW_V1,7.48076949045907,7.0,9.5,2.0192305095409298,2.5,TOTAL_MARKET_CERTIFIED_PAIRED,2026-08-15T12:50:51Z,MyBookie.ag,DESCRIPTIVE_ONLY_NO_EDGE_OR_EV,,,
GAME,PROSPECTIVE_AUG06_15,RETROSPECTIVE_POST_HOC_DIAGNOSTIC,2026-08-15,824884,A_CONTROL,DIRECT_NEGATIVE_BINOMIAL_RAW_V1,7.847801205880436,7.0,9.0,1.1521987941195642,2.0,TOTAL_MARKET_CERTIFIED_PAIRED,2026-08-15T12:50:51Z,MyBookie.ag,DESCRIPTIVE_ONLY_NO_EDGE_OR_EV,,,
GAME,PROSPECTIVE_AUG06_15,RETROSPECTIVE_POST_HOC_DIAGNOSTIC,2026-08-15,824966,A_CONTROL,DIRECT_NEGATIVE_BINOMIAL_RAW_V1,10.049124403226593,9.0,9.5,0.5491244032265925,0.5,TOTAL_MARKET_CERTIFIED_PAIRED,2026-08-15T12:50:51Z,MyBookie.ag,DESCRIPTIVE_ONLY_NO_EDGE_OR_EV,,,
GAME,PROSPECTIVE_AUG06_15,RETROSPECTIVE_POST_HOC_DIAGNOSTIC,2026-08-07,822699,C_CONFIDENCE_ONLY,DIRECT_NEGATIVE_BINOMIAL_COUNT_CONFIDENCE_ONLY_V1,9.147111121166718,9.0,9.0,0.1471111211667182,0.0,TOTAL_MARKET_CERTIFIED_PAIRED,2026-08-07T12:48:57Z,MyBookie.ag,DESCRIPTIVE_ONLY_NO_EDGE_OR_EV,,,
GAME,PROSPECTIVE_AUG06_15,RETROSPECTIVE_POST_HOC_DIAGNOSTIC,2026-08-07,822863,C_CONFIDENCE_ONLY,DIRECT_NEGATIVE_BINOMIAL_COUNT_CONFIDENCE_ONLY_V1,8.16513517183548,8.0,7.5,0.6651351718354803,0.5,TOTAL_MARKET_CERTIFIED_PAIRED,2026-08-07T12:48:57Z,Fanatics,DESCRIPTIVE_ONLY_NO_EDGE_OR_EV,,,
GAME,PROSPECTIVE_AUG06_15,RETROSPECTIVE_POST_HOC_DIAGNOSTIC,2026-08-07,823024,C_CONFIDENCE_ONLY,DIRECT_NEGATIVE_BINOMIAL_COUNT_CONFIDENCE_ONLY_V1,8.356448827194228,8.0,8.5,0.1435511728057719,0.5,TOTAL_MARKET_CERTIFIED_PAIRED,2026-08-07T12:48:57Z,Fanatics,DESCRIPTIVE_ONLY_NO_EDGE_OR_EV,,,
GAME,PROSPECTIVE_AUG06_15,RETROSPECTIVE_POST_HOC_DIAGNOSTIC,2026-08-07,823103,C_CONFIDENCE_ONLY,DIRECT_NEGATIVE_BINOMIAL_COUNT_CONFIDENCE_ONLY_V1,8.218066328989545,8.0,7.0,1.2180663289895453,1.0,TOTAL_MARKET_CERTIFIED_PAIRED,2026-08-07T12:48:57Z,Fanatics,DESCRIPTIVE_ONLY_NO_EDGE_OR_EV,,,
GAME,PROSPECTIVE_AUG06_15,RETROSPECTIVE_POST_HOC_DIAGNOSTIC,2026-08-07,823191,C_CONFIDENCE_ONLY,DIRECT_NEGATIVE_BINOMIAL_COUNT_CONFIDENCE_ONLY_V1,8.57821886906563,8.0,8.5,0.0782188690656298,0.5,TOTAL_MARKET_CERTIFIED_PAIRED,2026-08-07T18:17:44Z,DraftKings,DESCRIPTIVE_ONLY_NO_EDGE_OR_EV,,,
GAME,PROSPECTIVE_AUG06_15,RETROSPECTIVE_POST_HOC_DIAGNOSTIC,2026-08-07,823266,C_CONFIDENCE_ONLY,DIRECT_NEGATIVE_BINOMIAL_COUNT_CONFIDENCE_ONLY_V1,8.205486577515657,8.0,8.0,0.20548657751565713,0.0,TOTAL_MARKET_CERTIFIED_PAIRED,2026-08-07T12:48:57Z,Fanatics,DESCRIPTIVE_ONLY_NO_EDGE_OR_EV,,,
GAME,PROSPECTIVE_AUG06_15,RETROSPECTIVE_POST_HOC_DIAGNOSTIC,2026-08-07,823349,C_CONFIDENCE_ONLY,DIRECT_NEGATIVE_BINOMIAL_COUNT_CONFIDENCE_ONLY_V1,8.684214977029797,8.0,8.0,0.6842149770297965,0.0,TOTAL_MARKET_CERTIFIED_PAIRED,2026-08-07T12:48:57Z,Fanatics,DESCRIPTIVE_ONLY_NO_EDGE_OR_EV,,,
GAME,PROSPECTIVE_AUG06_15,RETROSPECTIVE_POST_HOC_DIAGNOSTIC,2026-08-07,823428,C_CONFIDENCE_ONLY,DIRECT_NEGATIVE_BINOMIAL_COUNT_CONFIDENCE_ONLY_V1,9.25974068477748,9.0,7.5,1.75974068477748,1.5,TOTAL_MARKET_CERTIFIED_PAIRED,2026-08-07T12:48:57Z,Fanatics,DESCRIPTIVE_ONLY_NO_EDGE_OR_EV,,,
GAME,PROSPECTIVE_AUG06_15,RETROSPECTIVE_POST_HOC_DIAGNOSTIC,2026-08-07,823515,C_CONFIDENCE_ONLY,DIRECT_NEGATIVE_BINOMIAL_COUNT_CONFIDENCE_ONLY_V1,8.934390559681258,8.0,8.0,0.9343905596812583,0.0,TOTAL_MARKET_CERTIFIED_PAIRED,2026-08-07T12:48:57Z,Fanatics,DESCRIPTIVE_ONLY_NO_EDGE_OR_EV,,,
GAME,PROSPECTIVE_AUG06_15,RETROSPECTIVE_POST_HOC_DIAGNOSTIC,2026-08-07,823750,C_CONFIDENCE_ONLY,DIRECT_NEGATIVE_BINOMIAL_COUNT_CONFIDENCE_ONLY_V1,8.402644432606778,8.0,8.0,0.4026444326067775,0.0,TOTAL_MARKET_CERTIFIED_PAIRED,2026-08-07T12:48:57Z,MyBookie.ag,DESCRIPTIVE_ONLY_NO_EDGE_OR_EV,,,
GAME,PROSPECTIVE_AUG06_15,RETROSPECTIVE_POST_HOC_DIAGNOSTIC,2026-08-07,823836,C_CONFIDENCE_ONLY,DIRECT_NEGATIVE_BINOMIAL_COUNT_CONFIDENCE_ONLY_V1,9.014304082734128,8.0,9.0,0.014304082734128087,1.0,TOTAL_MARKET_CERTIFIED_PAIRED,2026-08-07T12:48:57Z,Fanatics,DESCRIPTIVE_ONLY_NO_EDGE_OR_EV,,,
GAME,PROSPECTIVE_AUG06_15,RETROSPECTIVE_POST_HOC_DIAGNOSTIC,2026-08-07,824566,C_CONFIDENCE_ONLY,DIRECT_NEGATIVE_BINOMIAL_COUNT_CONFIDENCE_ONLY_V1,8.982464415958049,8.0,7.5,1.4824644159580487,0.5,TOTAL_MARKET_CERTIFIED_PAIRED,2026-08-07T12:48:57Z,Fanatics,DESCRIPTIVE_ONLY_NO_EDGE_OR_EV,,,
GAME,PROSPECTIVE_AUG06_15,RETROSPECTIVE_POST_HOC_DIAGNOSTIC,2026-08-07,824727,C_CONFIDENCE_ONLY,DIRECT_NEGATIVE_BINOMIAL_COUNT_CONFIDENCE_ONLY_V1,8.623633024853653,8.0,8.5,0.12363302485365324,0.5,TOTAL_MARKET_CERTIFIED_PAIRED,2026-08-07T12:48:57Z,Fanatics,DESCRIPTIVE_ONLY_NO_EDGE_OR_EV,,,
GAME,PROSPECTIVE_AUG06_15,RETROSPECTIVE_POST_HOC_DIAGNOSTIC,2026-08-07,825051,C_CONFIDENCE_ONLY,DIRECT_NEGATIVE_BINOMIAL_COUNT_CONFIDENCE_ONLY_V1,9.322220349890364,9.0,9.0,0.3222203498903635,0.0,TOTAL_MARKET_CERTIFIED_PAIRED,2026-08-07T12:48:57Z,Fanatics,DESCRIPTIVE_ONLY_NO_EDGE_OR_EV,,,
GAME,PROSPECTIVE_AUG06_15,RETROSPECTIVE_POST_HOC_DIAGNOSTIC,2026-08-08,822701,C_CONFIDENCE_ONLY,DIRECT_NEGATIVE_BINOMIAL_COUNT_CONFIDENCE_ONLY_V1,9.091635386602155,9.0,8.5,0.5916353866021549,0.5,TOTAL_MARKET_CERTIFIED_PAIRED,2026-08-08T15:47:16Z,LowVig.ag,DESCRIPTIVE_ONLY_NO_EDGE_OR_EV,,,
GAME,PROSPECTIVE_AUG06_15,RETROSPECTIVE_POST_HOC_DIAGNOSTIC,2026-08-08,822864,C_CONFIDENCE_ONLY,DIRECT_NEGATIVE_BINOMIAL_COUNT_CONFIDENCE_ONLY_V1,8.01435628002883,8.0,7.5,0.5143562800288297,0.5,TOTAL_MARKET_CERTIFIED_PAIRED,2026-08-08T15:47:16Z,LowVig.ag,DESCRIPTIVE_ONLY_NO_EDGE_OR_EV,,,
GAME,PROSPECTIVE_AUG06_15,RETROSPECTIVE_POST_HOC_DIAGNOSTIC,2026-08-08,823021,C_CONFIDENCE_ONLY,DIRECT_NEGATIVE_BINOMIAL_COUNT_CONFIDENCE_ONLY_V1,8.779902050952632,8.0,8.5,0.2799020509526322,0.5,TOTAL_MARKET_CERTIFIED_PAIRED,2026-08-08T15:47:16Z,LowVig.ag,DESCRIPTIVE_ONLY_NO_EDGE_OR_EV,,,
GAME,PROSPECTIVE_AUG06_15,RETROSPECTIVE_POST_HOC_DIAGNOSTIC,2026-08-08,823102,C_CONFIDENCE_ONLY,DIRECT_NEGATIVE_BINOMIAL_COUNT_CONFIDENCE_ONLY_V1,8.266187634187755,8.0,7.0,1.2661876341877552,1.0,TOTAL_MARKET_CERTIFIED_PAIRED,2026-08-08T15:47:16Z,LowVig.ag,DESCRIPTIVE_ONLY_NO_EDGE_OR_EV,,,
GAME,PROSPECTIVE_AUG06_15,RETROSPECTIVE_POST_HOC_DIAGNOSTIC,2026-08-08,823188,C_CONFIDENCE_ONLY,DIRECT_NEGATIVE_BINOMIAL_COUNT_CONFIDENCE_ONLY_V1,8.510190755814548,8.0,8.0,0.5101907558145484,0.0,TOTAL_MARKET_CERTIFIED_PAIRED,2026-08-08T15:47:16Z,LowVig.ag,DESCRIPTIVE_ONLY_NO_EDGE_OR_EV,,,
GAME,PROSPECTIVE_AUG06_15,RETROSPECTIVE_POST_HOC_DIAGNOSTIC,2026-08-08,823267,C_CONFIDENCE_ONLY,DIRECT_NEGATIVE_BINOMIAL_COUNT_CONFIDENCE_ONLY_V1,8.096101851964042,8.0,7.5,0.5961018519640415,0.5,TOTAL_MARKET_CERTIFIED_PAIRED,2026-08-08T15:47:16Z,LowVig.ag,DESCRIPTIVE_ONLY_NO_EDGE_OR_EV,,,
GAME,PROSPECTIVE_AUG06_15,RETROSPECTIVE_POST_HOC_DIAGNOSTIC,2026-08-08,823348,C_CONFIDENCE_ONLY,DIRECT_NEGATIVE_BINOMIAL_COUNT_CONFIDENCE_ONLY_V1,8.723153057604005,8.0,9.0,0.27684694239599494,1.0,TOTAL_MARKET_CERTIFIED_PAIRED,2026-08-08T15:47:16Z,LowVig.ag,DESCRIPTIVE_ONLY_NO_EDGE_OR_EV,,,
GAME,PROSPECTIVE_AUG06_15,RETROSPECTIVE_POST_HOC_DIAGNOSTIC,2026-08-08,823426,C_CONFIDENCE_ONLY,DIRECT_NEGATIVE_BINOMIAL_COUNT_CONFIDENCE_ONLY_V1,8.793210210788775,8.0,9.5,0.7067897892112249,1.5,TOTAL_MARKET_CERTIFIED_PAIRED,2026-08-08T15:47:16Z,LowVig.ag,DESCRIPTIVE_ONLY_NO_EDGE_OR_EV,,,
GAME,PROSPECTIVE_AUG06_15,RETROSPECTIVE_POST_HOC_DIAGNOSTIC,2026-08-08,823514,C_CONFIDENCE_ONLY,DIRECT_NEGATIVE_BINOMIAL_COUNT_CONFIDENCE_ONLY_V1,8.720361780618319,8.0,7.5,1.220361780618319,0.5,TOTAL_MARKET_CERTIFIED_PAIRED,2026-08-08T15:47:16Z,LowVig.ag,DESCRIPTIVE_ONLY_NO_EDGE_OR_EV,,,
GAME,PROSPECTIVE_AUG06_15,RETROSPECTIVE_POST_HOC_DIAGNOSTIC,2026-08-08,823752,C_CONFIDENCE_ONLY,DIRECT_NEGATIVE_BINOMIAL_COUNT_CONFIDENCE_ONLY_V1,8.549425440219995,8.0,8.0,0.549425440219995,0.0,TOTAL_MARKET_CERTIFIED_PAIRED,2026-08-08T15:47:16Z,LowVig.ag,DESCRIPTIVE_ONLY_NO_EDGE_OR_EV,,,
GAME,PROSPECTIVE_AUG06_15,RETROSPECTIVE_POST_HOC_DIAGNOSTIC,2026-08-08,823834,C_CONFIDENCE_ONLY,DIRECT_NEGATIVE_BINOMIAL_COUNT_CONFIDENCE_ONLY_V1,8.786431837457638,8.0,7.5,1.2864318374576378,0.5,TOTAL_MARKET_CERTIFIED_PAIRED,2026-08-08T15:47:16Z,LowVig.ag,DESCRIPTIVE_ONLY_NO_EDGE_OR_EV,,,
GAME,PROSPECTIVE_AUG06_15,RETROSPECTIVE_POST_HOC_DIAGNOSTIC,2026-08-08,824079,C_CONFIDENCE_ONLY,DIRECT_NEGATIVE_BINOMIAL_COUNT_CONFIDENCE_ONLY_V1,9.225888893212357,9.0,9.5,0.27411110678764317,0.5,TOTAL_MARKET_CERTIFIED_PAIRED,2026-08-08T15:47:16Z,LowVig.ag,DESCRIPTIVE_ONLY_NO_EDGE_OR_EV,,,
GAME,PROSPECTIVE_AUG06_15,RETROSPECTIVE_POST_HOC_DIAGNOSTIC,2026-08-08,824565,C_CONFIDENCE_ONLY,DIRECT_NEGATIVE_BINOMIAL_COUNT_CONFIDENCE_ONLY_V1,8.745123891924246,8.0,7.5,1.245123891924246,0.5,TOTAL_MARKET_CERTIFIED_PAIRED,2026-08-08T15:47:16Z,LowVig.ag,DESCRIPTIVE_ONLY_NO_EDGE_OR_EV,,,
GAME,PROSPECTIVE_AUG06_15,RETROSPECTIVE_POST_HOC_DIAGNOSTIC,2026-08-08,824726,C_CONFIDENCE_ONLY,DIRECT_NEGATIVE_BINOMIAL_COUNT_CONFIDENCE_ONLY_V1,8.47988401008353,8.0,9.0,0.5201159899164693,1.0,TOTAL_MARKET_CERTIFIED_PAIRED,2026-08-08T15:47:16Z,LowVig.ag,DESCRIPTIVE_ONLY_NO_EDGE_OR_EV,,,
GAME,PROSPECTIVE_AUG06_15,RETROSPECTIVE_POST_HOC_DIAGNOSTIC,2026-08-08,825049,C_CONFIDENCE_ONLY,DIRECT_NEGATIVE_BINOMIAL_COUNT_CONFIDENCE_ONLY_V1,9.375705525898425,9.0,8.0,1.3757055258984252,1.0,TOTAL_MARKET_CERTIFIED_PAIRED,2026-08-08T15:47:16Z,LowVig.ag,DESCRIPTIVE_ONLY_NO_EDGE_OR_EV,,,
GAME,PROSPECTIVE_AUG06_15,RETROSPECTIVE_POST_HOC_DIAGNOSTIC,2026-08-09,822700,C_CONFIDENCE_ONLY,DIRECT_NEGATIVE_BINOMIAL_COUNT_CONFIDENCE_ONLY_V1,9.444419132618638,9.0,9.0,0.44441913261863775,0.0,TOTAL_MARKET_CERTIFIED_PAIRED,2026-08-09T12:50:29Z,Bovada,DESCRIPTIVE_ONLY_NO_EDGE_OR_EV,,,
GAME,PROSPECTIVE_AUG06_15,RETROSPECTIVE_POST_HOC_DIAGNOSTIC,2026-08-09,822862,C_CONFIDENCE_ONLY,DIRECT_NEGATIVE_BINOMIAL_COUNT_CONFIDENCE_ONLY_V1,7.999643180263771,7.0,8.5,0.5003568197362291,1.5,TOTAL_MARKET_CERTIFIED_PAIRED,2026-08-09T12:50:29Z,Bovada,DESCRIPTIVE_ONLY_NO_EDGE_OR_EV,,,
GAME,PROSPECTIVE_AUG06_15,RETROSPECTIVE_POST_HOC_DIAGNOSTIC,2026-08-09,823020,C_CONFIDENCE_ONLY,DIRECT_NEGATIVE_BINOMIAL_COUNT_CONFIDENCE_ONLY_V1,8.601922228640793,8.0,9.0,0.3980777713592065,1.0,TOTAL_MARKET_CERTIFIED_PAIRED,2026-08-09T12:50:29Z,Bovada,DESCRIPTIVE_ONLY_NO_EDGE_OR_EV,,,
GAME,PROSPECTIVE_AUG06_15,RETROSPECTIVE_POST_HOC_DIAGNOSTIC,2026-08-09,823104,C_CONFIDENCE_ONLY,DIRECT_NEGATIVE_BINOMIAL_COUNT_CONFIDENCE_ONLY_V1,8.089546576563292,8.0,7.5,0.5895465765632917,0.5,TOTAL_MARKET_CERTIFIED_PAIRED,2026-08-09T15:47:41Z,LowVig.ag,DESCRIPTIVE_ONLY_NO_EDGE_OR_EV,,,
GAME,PROSPECTIVE_AUG06_15,RETROSPECTIVE_POST_HOC_DIAGNOSTIC,2026-08-09,823190,C_CONFIDENCE_ONLY,DIRECT_NEGATIVE_BINOMIAL_COUNT_CONFIDENCE_ONLY_V1,8.197912178978578,8.0,7.5,0.6979121789785783,0.5,TOTAL_MARKET_CERTIFIED_PAIRED,2026-08-09T12:50:29Z,Bovada,DESCRIPTIVE_ONLY_NO_EDGE_OR_EV,,,
GAME,PROSPECTIVE_AUG06_15,RETROSPECTIVE_POST_HOC_DIAGNOSTIC,2026-08-09,823268,C_CONFIDENCE_ONLY,DIRECT_NEGATIVE_BINOMIAL_COUNT_CONFIDENCE_ONLY_V1,8.308008443919066,8.0,9.0,0.691991556080934,1.0,TOTAL_MARKET_CERTIFIED_PAIRED,2026-08-09T20:08:27Z,Pinnacle,DESCRIPTIVE_ONLY_NO_EDGE_OR_EV,,,
GAME,PROSPECTIVE_AUG06_15,RETROSPECTIVE_POST_HOC_DIAGNOSTIC,2026-08-09,823345,C_CONFIDENCE_ONLY,DIRECT_NEGATIVE_BINOMIAL_COUNT_CONFIDENCE_ONLY_V1,8.774654066561025,8.0,8.0,0.7746540665610251,0.0,TOTAL_MARKET_CERTIFIED_PAIRED,2026-08-09T12:50:29Z,Bovada,DESCRIPTIVE_ONLY_NO_EDGE_OR_EV,,,
GAME,PROSPECTIVE_AUG06_15,RETROSPECTIVE_POST_HOC_DIAGNOSTIC,2026-08-09,823425,C_CONFIDENCE_ONLY,DIRECT_NEGATIVE_BINOMIAL_COUNT_CONFIDENCE_ONLY_V1,8.724936157443237,8.0,8.0,0.7249361574432367,0.0,TOTAL_MARKET_CERTIFIED_PAIRED,2026-08-09T12:50:29Z,Bovada,DESCRIPTIVE_ONLY_NO_EDGE_OR_EV,,,
GAME,PROSPECTIVE_AUG06_15,RETROSPECTIVE_POST_HOC_DIAGNOSTIC,2026-08-09,823513,C_CONFIDENCE_ONLY,DIRECT_NEGATIVE_BINOMIAL_COUNT_CONFIDENCE_ONLY_V1,8.923539230327576,8.0,8.5,0.42353923032757557,0.5,TOTAL_MARKET_CERTIFIED_PAIRED,2026-08-09T12:50:29Z,Bovada,DESCRIPTIVE_ONLY_NO_EDGE_OR_EV,,,
GAME,PROSPECTIVE_AUG06_15,RETROSPECTIVE_POST_HOC_DIAGNOSTIC,2026-08-09,823751,C_CONFIDENCE_ONLY,DIRECT_NEGATIVE_BINOMIAL_COUNT_CONFIDENCE_ONLY_V1,8.536549241118772,8.0,7.5,1.036549241118772,0.5,TOTAL_MARKET_CERTIFIED_PAIRED,2026-08-09T12:50:29Z,Bovada,DESCRIPTIVE_ONLY_NO_EDGE_OR_EV,,,
GAME,PROSPECTIVE_AUG06_15,RETROSPECTIVE_POST_HOC_DIAGNOSTIC,2026-08-09,823835,C_CONFIDENCE_ONLY,DIRECT_NEGATIVE_BINOMIAL_COUNT_CONFIDENCE_ONLY_V1,9.104178324254711,9.0,8.5,0.6041783242547112,0.5,TOTAL_MARKET_CERTIFIED_PAIRED,2026-08-09T12:50:29Z,Bovada,DESCRIPTIVE_ONLY_NO_EDGE_OR_EV,,,
GAME,PROSPECTIVE_AUG06_15,RETROSPECTIVE_POST_HOC_DIAGNOSTIC,2026-08-09,824078,C_CONFIDENCE_ONLY,DIRECT_NEGATIVE_BINOMIAL_COUNT_CONFIDENCE_ONLY_V1,9.143319697378464,9.0,10.0,0.8566803026215357,1.0,TOTAL_MARKET_CERTIFIED_PAIRED,2026-08-09T12:50:29Z,Bovada,DESCRIPTIVE_ONLY_NO_EDGE_OR_EV,,,
GAME,PROSPECTIVE_AUG06_15,RETROSPECTIVE_POST_HOC_DIAGNOSTIC,2026-08-09,824564,C_CONFIDENCE_ONLY,DIRECT_NEGATIVE_BINOMIAL_COUNT_CONFIDENCE_ONLY_V1,8.557199646523884,8.0,8.5,0.057199646523883985,0.5,TOTAL_MARKET_CERTIFIED_PAIRED,2026-08-09T12:50:29Z,Bovada,DESCRIPTIVE_ONLY_NO_EDGE_OR_EV,,,
GAME,PROSPECTIVE_AUG06_15,RETROSPECTIVE_POST_HOC_DIAGNOSTIC,2026-08-09,824724,C_CONFIDENCE_ONLY,DIRECT_NEGATIVE_BINOMIAL_COUNT_CONFIDENCE_ONLY_V1,8.6661517889498,8.0,9.5,0.8338482110501992,1.5,TOTAL_MARKET_CERTIFIED_PAIRED,2026-08-09T15:47:41Z,LowVig.ag,DESCRIPTIVE_ONLY_NO_EDGE_OR_EV,,,
GAME,PROSPECTIVE_AUG06_15,RETROSPECTIVE_POST_HOC_DIAGNOSTIC,2026-08-09,825050,C_CONFIDENCE_ONLY,DIRECT_NEGATIVE_BINOMIAL_COUNT_CONFIDENCE_ONLY_V1,9.259696877715012,9.0,9.0,0.2596968777150117,0.0,TOTAL_MARKET_CERTIFIED_PAIRED,2026-08-09T12:50:29Z,Bovada,DESCRIPTIVE_ONLY_NO_EDGE_OR_EV,,,
GAME,PROSPECTIVE_AUG06_15,RETROSPECTIVE_POST_HOC_DIAGNOSTIC,2026-08-10,822780,C_CONFIDENCE_ONLY,DIRECT_NEGATIVE_BINOMIAL_COUNT_CONFIDENCE_ONLY_V1,8.659445151396824,8.0,8.5,0.1594451513968238,0.5,TOTAL_MARKET_CERTIFIED_PAIRED,2026-08-10T12:44:42Z,BetRivers,DESCRIPTIVE_ONLY_NO_EDGE_OR_EV,,,
GAME,PROSPECTIVE_AUG06_15,RETROSPECTIVE_POST_HOC_DIAGNOSTIC,2026-08-10,823018,C_CONFIDENCE_ONLY,DIRECT_NEGATIVE_BINOMIAL_COUNT_CONFIDENCE_ONLY_V1,8.64150915989756,8.0,9.0,0.3584908401024407,1.0,TOTAL_MARKET_CERTIFIED_PAIRED,2026-08-10T12:44:42Z,BetRivers,DESCRIPTIVE_ONLY_NO_EDGE_OR_EV,,,
GAME,PROSPECTIVE_AUG06_15,RETROSPECTIVE_POST_HOC_DIAGNOSTIC,2026-08-10,823189,C_CONFIDENCE_ONLY,DIRECT_NEGATIVE_BINOMIAL_COUNT_CONFIDENCE_ONLY_V1,8.64116790055324,8.0,8.5,0.14116790055324024,0.5,TOTAL_MARKET_CERTIFIED_PAIRED,2026-08-10T12:44:42Z,BetRivers,DESCRIPTIVE_ONLY_NO_EDGE_OR_EV,,,
GAME,PROSPECTIVE_AUG06_15,RETROSPECTIVE_POST_HOC_DIAGNOSTIC,2026-08-10,823265,C_CONFIDENCE_ONLY,DIRECT_NEGATIVE_BINOMIAL_COUNT_CONFIDENCE_ONLY_V1,8.325263332864665,8.0,7.5,0.8252633328646652,0.5,TOTAL_MARKET_CERTIFIED_PAIRED,2026-08-10T12:44:42Z,BetRivers,DESCRIPTIVE_ONLY_NO_EDGE_OR_EV,,,
GAME,PROSPECTIVE_AUG06_15,RETROSPECTIVE_POST_HOC_DIAGNOSTIC,2026-08-10,823675,C_CONFIDENCE_ONLY,DIRECT_NEGATIVE_BINOMIAL_COUNT_CONFIDENCE_ONLY_V1,9.07104993804612,9.0,8.0,1.0710499380461194,1.0,TOTAL_MARKET_CERTIFIED_PAIRED,2026-08-10T12:44:42Z,BetRivers,DESCRIPTIVE_ONLY_NO_EDGE_OR_EV,,,
GAME,PROSPECTIVE_AUG06_15,RETROSPECTIVE_POST_HOC_DIAGNOSTIC,2026-08-10,823918,C_CONFIDENCE_ONLY,DIRECT_NEGATIVE_BINOMIAL_COUNT_CONFIDENCE_ONLY_V1,8.367479419576961,8.0,7.5,0.8674794195769611,0.5,TOTAL_MARKET_CERTIFIED_PAIRED,2026-08-10T12:44:42Z,BetRivers,DESCRIPTIVE_ONLY_NO_EDGE_OR_EV,,,
GAME,PROSPECTIVE_AUG06_15,RETROSPECTIVE_POST_HOC_DIAGNOSTIC,2026-08-10,823998,C_CONFIDENCE_ONLY,DIRECT_NEGATIVE_BINOMIAL_COUNT_CONFIDENCE_ONLY_V1,8.973720028155102,8.0,8.0,0.9737200281551015,0.0,TOTAL_MARKET_CERTIFIED_PAIRED,2026-08-10T12:44:42Z,BetRivers,DESCRIPTIVE_ONLY_NO_EDGE_OR_EV,,,
GAME,PROSPECTIVE_AUG06_15,RETROSPECTIVE_POST_HOC_DIAGNOSTIC,2026-08-10,824887,C_CONFIDENCE_ONLY,DIRECT_NEGATIVE_BINOMIAL_COUNT_CONFIDENCE_ONLY_V1,8.48542093155091,8.0,8.5,0.014579068449089405,0.5,TOTAL_MARKET_CERTIFIED_PAIRED,2026-08-10T12:44:42Z,BetRivers,DESCRIPTIVE_ONLY_NO_EDGE_OR_EV,,,
GAME,PROSPECTIVE_AUG06_15,RETROSPECTIVE_POST_HOC_DIAGNOSTIC,2026-08-10,824969,C_CONFIDENCE_ONLY,DIRECT_NEGATIVE_BINOMIAL_COUNT_CONFIDENCE_ONLY_V1,9.80247201115653,9.0,10.0,0.19752798884347023,1.0,TOTAL_MARKET_CERTIFIED_PAIRED,2026-08-10T12:44:42Z,BetRivers,DESCRIPTIVE_ONLY_NO_EDGE_OR_EV,,,
GAME,PROSPECTIVE_AUG06_15,RETROSPECTIVE_POST_HOC_DIAGNOSTIC,2026-08-10,825048,C_CONFIDENCE_ONLY,DIRECT_NEGATIVE_BINOMIAL_COUNT_CONFIDENCE_ONLY_V1,9.33635253345688,9.0,8.5,0.8363525334568802,0.5,TOTAL_MARKET_CERTIFIED_PAIRED,2026-08-10T12:44:42Z,BetRivers,DESCRIPTIVE_ONLY_NO_EDGE_OR_EV,,,
GAME,PROSPECTIVE_AUG06_15,RETROSPECTIVE_POST_HOC_DIAGNOSTIC,2026-08-11,822697,C_CONFIDENCE_ONLY,DIRECT_NEGATIVE_BINOMIAL_COUNT_CONFIDENCE_ONLY_V1,9.236261917310319,9.0,9.0,0.2362619173103191,0.0,TOTAL_MARKET_CERTIFIED_PAIRED,2026-08-11T20:17:48Z,FanDuel,DESCRIPTIVE_ONLY_NO_EDGE_OR_EV,,,
GAME,PROSPECTIVE_AUG06_15,RETROSPECTIVE_POST_HOC_DIAGNOSTIC,2026-08-11,822778,C_CONFIDENCE_ONLY,DIRECT_NEGATIVE_BINOMIAL_COUNT_CONFIDENCE_ONLY_V1,8.622611036252477,8.0,7.0,1.6226110362524775,1.0,TOTAL_MARKET_CERTIFIED_PAIRED,2026-08-11T12:49:21Z,Fanatics,DESCRIPTIVE_ONLY_NO_EDGE_OR_EV,,,
GAME,PROSPECTIVE_AUG06_15,RETROSPECTIVE_POST_HOC_DIAGNOSTIC,2026-08-11,823019,C_CONFIDENCE_ONLY,DIRECT_NEGATIVE_BINOMIAL_COUNT_CONFIDENCE_ONLY_V1,8.634001027981572,8.0,8.0,0.6340010279815722,0.0,TOTAL_MARKET_CERTIFIED_PAIRED,2026-08-11T12:49:21Z,Fanatics,DESCRIPTIVE_ONLY_NO_EDGE_OR_EV,,,
GAME,PROSPECTIVE_AUG06_15,RETROSPECTIVE_POST_HOC_DIAGNOSTIC,2026-08-11,823186,C_CONFIDENCE_ONLY,DIRECT_NEGATIVE_BINOMIAL_COUNT_CONFIDENCE_ONLY_V1,8.640950158878985,8.0,8.0,0.6409501588789848,0.0,TOTAL_MARKET_CERTIFIED_PAIRED,2026-08-11T18:18:09Z,Pinnacle,DESCRIPTIVE_ONLY_NO_EDGE_OR_EV,,,
GAME,PROSPECTIVE_AUG06_15,RETROSPECTIVE_POST_HOC_DIAGNOSTIC,2026-08-11,823264,C_CONFIDENCE_ONLY,DIRECT_NEGATIVE_BINOMIAL_COUNT_CONFIDENCE_ONLY_V1,8.18071735185019,8.0,7.5,0.6807173518501894,0.5,TOTAL_MARKET_CERTIFIED_PAIRED,2026-08-11T12:49:21Z,Fanatics,DESCRIPTIVE_ONLY_NO_EDGE_OR_EV,,,
GAME,PROSPECTIVE_AUG06_15,RETROSPECTIVE_POST_HOC_DIAGNOSTIC,2026-08-11,823512,C_CONFIDENCE_ONLY,DIRECT_NEGATIVE_BINOMIAL_COUNT_CONFIDENCE_ONLY_V1,8.709987957652599,8.0,8.0,0.7099879576525989,0.0,TOTAL_MARKET_CERTIFIED_PAIRED,2026-08-11T12:49:21Z,Fanatics,DESCRIPTIVE_ONLY_NO_EDGE_OR_EV,,,
GAME,PROSPECTIVE_AUG06_15,RETROSPECTIVE_POST_HOC_DIAGNOSTIC,2026-08-11,823673,C_CONFIDENCE_ONLY,DIRECT_NEGATIVE_BINOMIAL_COUNT_CONFIDENCE_ONLY_V1,9.074829909889033,9.0,9.5,0.4251700901109672,0.5,TOTAL_MARKET_CERTIFIED_PAIRED,2026-08-11T12:49:21Z,Fanatics,DESCRIPTIVE_ONLY_NO_EDGE_OR_EV,,,
GAME,PROSPECTIVE_AUG06_15,RETROSPECTIVE_POST_HOC_DIAGNOSTIC,2026-08-11,823832,C_CONFIDENCE_ONLY,DIRECT_NEGATIVE_BINOMIAL_COUNT_CONFIDENCE_ONLY_V1,8.852538871157146,8.0,7.0,1.8525388711571456,1.0,TOTAL_MARKET_CERTIFIED_PAIRED,2026-08-11T12:49:21Z,Fanatics,DESCRIPTIVE_ONLY_NO_EDGE_OR_EV,,,
GAME,PROSPECTIVE_AUG06_15,RETROSPECTIVE_POST_HOC_DIAGNOSTIC,2026-08-11,823917,C_CONFIDENCE_ONLY,DIRECT_NEGATIVE_BINOMIAL_COUNT_CONFIDENCE_ONLY_V1,8.57897471455851,8.0,8.5,0.07897471455851068,0.5,TOTAL_MARKET_CERTIFIED_PAIRED,2026-08-11T12:49:21Z,Fanatics,DESCRIPTIVE_ONLY_NO_EDGE_OR_EV,,,
GAME,PROSPECTIVE_AUG06_15,RETROSPECTIVE_POST_HOC_DIAGNOSTIC,2026-08-11,823997,C_CONFIDENCE_ONLY,DIRECT_NEGATIVE_BINOMIAL_COUNT_CONFIDENCE_ONLY_V1,9.119476469033389,9.0,9.0,0.11947646903338871,0.0,TOTAL_MARKET_CERTIFIED_PAIRED,2026-08-11T12:49:21Z,Fanatics,DESCRIPTIVE_ONLY_NO_EDGE_OR_EV,,,
GAME,PROSPECTIVE_AUG06_15,RETROSPECTIVE_POST_HOC_DIAGNOSTIC,2026-08-11,824240,C_CONFIDENCE_ONLY,DIRECT_NEGATIVE_BINOMIAL_COUNT_CONFIDENCE_ONLY_V1,8.722043095424304,8.0,8.5,0.22204309542430423,0.5,TOTAL_MARKET_CERTIFIED_PAIRED,2026-08-11T12:49:21Z,Fanatics,DESCRIPTIVE_ONLY_NO_EDGE_OR_EV,,,
GAME,PROSPECTIVE_AUG06_15,RETROSPECTIVE_POST_HOC_DIAGNOSTIC,2026-08-11,824563,C_CONFIDENCE_ONLY,DIRECT_NEGATIVE_BINOMIAL_COUNT_CONFIDENCE_ONLY_V1,8.75586417447173,8.0,8.0,0.7558641744717303,0.0,TOTAL_MARKET_CERTIFIED_PAIRED,2026-08-11T12:49:21Z,Fanatics,DESCRIPTIVE_ONLY_NO_EDGE_OR_EV,,,
GAME,PROSPECTIVE_AUG06_15,RETROSPECTIVE_POST_HOC_DIAGNOSTIC,2026-08-11,824886,C_CONFIDENCE_ONLY,DIRECT_NEGATIVE_BINOMIAL_COUNT_CONFIDENCE_ONLY_V1,8.668905822342657,8.0,8.5,0.16890582234265672,0.5,TOTAL_MARKET_CERTIFIED_PAIRED,2026-08-11T12:49:21Z,Fanatics,DESCRIPTIVE_ONLY_NO_EDGE_OR_EV,,,
GAME,PROSPECTIVE_AUG06_15,RETROSPECTIVE_POST_HOC_DIAGNOSTIC,2026-08-11,824970,C_CONFIDENCE_ONLY,DIRECT_NEGATIVE_BINOMIAL_COUNT_CONFIDENCE_ONLY_V1,10.131716732309538,10.0,10.0,0.1317167323095383,0.0,TOTAL_MARKET_CERTIFIED_PAIRED,2026-08-11T12:49:21Z,Fanatics,DESCRIPTIVE_ONLY_NO_EDGE_OR_EV,,,
GAME,PROSPECTIVE_AUG06_15,RETROSPECTIVE_POST_HOC_DIAGNOSTIC,2026-08-11,825046,C_CONFIDENCE_ONLY,DIRECT_NEGATIVE_BINOMIAL_COUNT_CONFIDENCE_ONLY_V1,8.947404829129427,8.0,9.5,0.552595170870573,1.5,TOTAL_MARKET_CERTIFIED_PAIRED,2026-08-11T12:49:21Z,Fanatics,DESCRIPTIVE_ONLY_NO_EDGE_OR_EV,,,
GAME,PROSPECTIVE_AUG06_15,RETROSPECTIVE_POST_HOC_DIAGNOSTIC,2026-08-12,822698,C_CONFIDENCE_ONLY,DIRECT_NEGATIVE_BINOMIAL_COUNT_CONFIDENCE_ONLY_V1,9.628214326330463,9.0,9.5,0.12821432633046292,0.5,TOTAL_MARKET_CERTIFIED_PAIRED,2026-08-12T12:50:01Z,Pinnacle,DESCRIPTIVE_ONLY_NO_EDGE_OR_EV,,,
GAME,PROSPECTIVE_AUG06_15,RETROSPECTIVE_POST_HOC_DIAGNOSTIC,2026-08-12,822779,C_CONFIDENCE_ONLY,DIRECT_NEGATIVE_BINOMIAL_COUNT_CONFIDENCE_ONLY_V1,8.522685741559918,8.0,7.5,1.0226857415599184,0.5,TOTAL_MARKET_CERTIFIED_PAIRED,2026-08-12T12:50:01Z,BetMGM,DESCRIPTIVE_ONLY_NO_EDGE_OR_EV,,,
GAME,PROSPECTIVE_AUG06_15,RETROSPECTIVE_POST_HOC_DIAGNOSTIC,2026-08-12,823017,C_CONFIDENCE_ONLY,DIRECT_NEGATIVE_BINOMIAL_COUNT_CONFIDENCE_ONLY_V1,8.431796426995778,8.0,8.0,0.4317964269957777,0.0,TOTAL_MARKET_CERTIFIED_PAIRED,2026-08-12T12:50:01Z,Pinnacle,DESCRIPTIVE_ONLY_NO_EDGE_OR_EV,,,
GAME,PROSPECTIVE_AUG06_15,RETROSPECTIVE_POST_HOC_DIAGNOSTIC,2026-08-12,823187,C_CONFIDENCE_ONLY,DIRECT_NEGATIVE_BINOMIAL_COUNT_CONFIDENCE_ONLY_V1,8.72005359082615,8.0,8.5,0.22005359082615072,0.5,TOTAL_MARKET_CERTIFIED_PAIRED,2026-08-12T15:47:50Z,Pinnacle,DESCRIPTIVE_ONLY_NO_EDGE_OR_EV,,,
GAME,PROSPECTIVE_AUG06_15,RETROSPECTIVE_POST_HOC_DIAGNOSTIC,2026-08-12,823263,C_CONFIDENCE_ONLY,DIRECT_NEGATIVE_BINOMIAL_COUNT_CONFIDENCE_ONLY_V1,8.244774726959593,8.0,8.0,0.24477472695959257,0.0,TOTAL_MARKET_CERTIFIED_PAIRED,2026-08-12T12:50:01Z,Pinnacle,DESCRIPTIVE_ONLY_NO_EDGE_OR_EV,,,
GAME,PROSPECTIVE_AUG06_15,RETROSPECTIVE_POST_HOC_DIAGNOSTIC,2026-08-12,823511,C_CONFIDENCE_ONLY,DIRECT_NEGATIVE_BINOMIAL_COUNT_CONFIDENCE_ONLY_V1,8.969752438139807,8.0,8.5,0.4697524381398068,0.5,TOTAL_MARKET_CERTIFIED_PAIRED,2026-08-12T12:50:01Z,BetMGM,DESCRIPTIVE_ONLY_NO_EDGE_OR_EV,,,
GAME,PROSPECTIVE_AUG06_15,RETROSPECTIVE_POST_HOC_DIAGNOSTIC,2026-08-12,823672,C_CONFIDENCE_ONLY,DIRECT_NEGATIVE_BINOMIAL_COUNT_CONFIDENCE_ONLY_V1,9.213071420324399,9.0,9.0,0.21307142032439863,0.0,TOTAL_MARKET_CERTIFIED_PAIRED,2026-08-12T12:50:01Z,Pinnacle,DESCRIPTIVE_ONLY_NO_EDGE_OR_EV,,,
GAME,PROSPECTIVE_AUG06_15,RETROSPECTIVE_POST_HOC_DIAGNOSTIC,2026-08-12,823833,C_CONFIDENCE_ONLY,DIRECT_NEGATIVE_BINOMIAL_COUNT_CONFIDENCE_ONLY_V1,9.021400492849613,8.0,8.0,1.0214004928496134,0.0,TOTAL_MARKET_CERTIFIED_PAIRED,2026-08-12T12:50:01Z,Pinnacle,DESCRIPTIVE_ONLY_NO_EDGE_OR_EV,,,
GAME,PROSPECTIVE_AUG06_15,RETROSPECTIVE_POST_HOC_DIAGNOSTIC,2026-08-12,823916,C_CONFIDENCE_ONLY,DIRECT_NEGATIVE_BINOMIAL_COUNT_CONFIDENCE_ONLY_V1,8.393204205818236,8.0,9.0,0.6067957941817639,1.0,TOTAL_MARKET_CERTIFIED_PAIRED,2026-08-12T12:50:01Z,BetMGM,DESCRIPTIVE_ONLY_NO_EDGE_OR_EV,,,
GAME,PROSPECTIVE_AUG06_15,RETROSPECTIVE_POST_HOC_DIAGNOSTIC,2026-08-12,823994,C_CONFIDENCE_ONLY,DIRECT_NEGATIVE_BINOMIAL_COUNT_CONFIDENCE_ONLY_V1,9.522728833650051,9.0,9.5,0.022728833650051072,0.5,TOTAL_MARKET_CERTIFIED_PAIRED,2026-08-12T12:50:01Z,Pinnacle,DESCRIPTIVE_ONLY_NO_EDGE_OR_EV,,,
GAME,PROSPECTIVE_AUG06_15,RETROSPECTIVE_POST_HOC_DIAGNOSTIC,2026-08-12,824241,C_CONFIDENCE_ONLY,DIRECT_NEGATIVE_BINOMIAL_COUNT_CONFIDENCE_ONLY_V1,9.214236317964724,9.0,8.0,1.2142363179647244,1.0,TOTAL_MARKET_CERTIFIED_PAIRED,2026-08-12T12:50:01Z,Pinnacle,DESCRIPTIVE_ONLY_NO_EDGE_OR_EV,,,
GAME,PROSPECTIVE_AUG06_15,RETROSPECTIVE_POST_HOC_DIAGNOSTIC,2026-08-12,824562,C_CONFIDENCE_ONLY,DIRECT_NEGATIVE_BINOMIAL_COUNT_CONFIDENCE_ONLY_V1,8.77268806890799,8.0,9.0,0.22731193109201087,1.0,TOTAL_MARKET_CERTIFIED_PAIRED,2026-08-12T12:50:01Z,Pinnacle,DESCRIPTIVE_ONLY_NO_EDGE_OR_EV,,,
GAME,PROSPECTIVE_AUG06_15,RETROSPECTIVE_POST_HOC_DIAGNOSTIC,2026-08-12,824883,C_CONFIDENCE_ONLY,DIRECT_NEGATIVE_BINOMIAL_COUNT_CONFIDENCE_ONLY_V1,8.451532366595227,8.0,8.5,0.04846763340477267,0.5,TOTAL_MARKET_CERTIFIED_PAIRED,2026-08-12T12:50:01Z,Pinnacle,DESCRIPTIVE_ONLY_NO_EDGE_OR_EV,,,
GAME,PROSPECTIVE_AUG06_15,RETROSPECTIVE_POST_HOC_DIAGNOSTIC,2026-08-12,824967,C_CONFIDENCE_ONLY,DIRECT_NEGATIVE_BINOMIAL_COUNT_CONFIDENCE_ONLY_V1,10.015801962957413,9.0,9.5,0.5158019629574131,0.5,TOTAL_MARKET_CERTIFIED_PAIRED,2026-08-12T12:50:01Z,LowVig.ag,DESCRIPTIVE_ONLY_NO_EDGE_OR_EV,,,
GAME,PROSPECTIVE_AUG06_15,RETROSPECTIVE_POST_HOC_DIAGNOSTIC,2026-08-12,825047,C_CONFIDENCE_ONLY,DIRECT_NEGATIVE_BINOMIAL_COUNT_CONFIDENCE_ONLY_V1,8.839317872956077,8.0,9.5,0.6606821270439234,1.5,TOTAL_MARKET_CERTIFIED_PAIRED,2026-08-12T12:50:01Z,BetMGM,DESCRIPTIVE_ONLY_NO_EDGE_OR_EV,,,
GAME,PROSPECTIVE_AUG06_15,RETROSPECTIVE_POST_HOC_DIAGNOSTIC,2026-08-13,822696,C_CONFIDENCE_ONLY,DIRECT_NEGATIVE_BINOMIAL_COUNT_CONFIDENCE_ONLY_V1,9.111157593436438,9.0,9.0,0.11115759343643816,0.0,TOTAL_MARKET_CERTIFIED_PAIRED,2026-08-13T12:44:08Z,Bovada,DESCRIPTIVE_ONLY_NO_EDGE_OR_EV,,,
GAME,PROSPECTIVE_AUG06_15,RETROSPECTIVE_POST_HOC_DIAGNOSTIC,2026-08-13,822776,C_CONFIDENCE_ONLY,DIRECT_NEGATIVE_BINOMIAL_COUNT_CONFIDENCE_ONLY_V1,8.861063718649325,8.0,8.0,0.8610637186493246,0.0,TOTAL_MARKET_CERTIFIED_PAIRED,2026-08-13T12:44:08Z,Bovada,DESCRIPTIVE_ONLY_NO_EDGE_OR_EV,,,
GAME,PROSPECTIVE_AUG06_15,RETROSPECTIVE_POST_HOC_DIAGNOSTIC,2026-08-13,823508,C_CONFIDENCE_ONLY,DIRECT_NEGATIVE_BINOMIAL_COUNT_CONFIDENCE_ONLY_V1,8.858943789124387,8.0,8.0,0.8589437891243872,0.0,TOTAL_MARKET_CERTIFIED_PAIRED,2026-08-13T12:44:08Z,Bovada,DESCRIPTIVE_ONLY_NO_EDGE_OR_EV,,,
GAME,PROSPECTIVE_AUG06_15,RETROSPECTIVE_POST_HOC_DIAGNOSTIC,2026-08-13,823829,C_CONFIDENCE_ONLY,DIRECT_NEGATIVE_BINOMIAL_COUNT_CONFIDENCE_ONLY_V1,8.980720859995403,8.0,8.0,0.9807208599954027,0.0,TOTAL_MARKET_CERTIFIED_PAIRED,2026-08-13T12:44:08Z,Bovada,DESCRIPTIVE_ONLY_NO_EDGE_OR_EV,,,
GAME,PROSPECTIVE_AUG06_15,RETROSPECTIVE_POST_HOC_DIAGNOSTIC,2026-08-13,823915,C_CONFIDENCE_ONLY,DIRECT_NEGATIVE_BINOMIAL_COUNT_CONFIDENCE_ONLY_V1,8.542785447308793,8.0,8.5,0.04278544730879297,0.5,TOTAL_MARKET_CERTIFIED_PAIRED,2026-08-13T12:44:08Z,Bovada,DESCRIPTIVE_ONLY_NO_EDGE_OR_EV,,,
GAME,PROSPECTIVE_AUG06_15,RETROSPECTIVE_POST_HOC_DIAGNOSTIC,2026-08-13,823995,C_CONFIDENCE_ONLY,DIRECT_NEGATIVE_BINOMIAL_COUNT_CONFIDENCE_ONLY_V1,8.501530854424692,8.0,8.0,0.5015308544246917,0.0,TOTAL_MARKET_CERTIFIED_PAIRED,2026-08-13T12:44:08Z,Bovada,DESCRIPTIVE_ONLY_NO_EDGE_OR_EV,,,
GAME,PROSPECTIVE_AUG06_15,RETROSPECTIVE_POST_HOC_DIAGNOSTIC,2026-08-13,824238,C_CONFIDENCE_ONLY,DIRECT_NEGATIVE_BINOMIAL_COUNT_CONFIDENCE_ONLY_V1,8.766724225184456,8.0,8.0,0.7667242251844559,0.0,TOTAL_MARKET_CERTIFIED_PAIRED,2026-08-13T12:44:08Z,Bovada,DESCRIPTIVE_ONLY_NO_EDGE_OR_EV,,,
GAME,PROSPECTIVE_AUG06_15,RETROSPECTIVE_POST_HOC_DIAGNOSTIC,2026-08-13,824561,C_CONFIDENCE_ONLY,DIRECT_NEGATIVE_BINOMIAL_COUNT_CONFIDENCE_ONLY_V1,8.717028684273135,8.0,8.5,0.21702868427313504,0.5,TOTAL_MARKET_CERTIFIED_PAIRED,2026-08-13T12:44:08Z,Bovada,DESCRIPTIVE_ONLY_NO_EDGE_OR_EV,,,
GAME,PROSPECTIVE_AUG06_15,RETROSPECTIVE_POST_HOC_DIAGNOSTIC,2026-08-14,822777,C_CONFIDENCE_ONLY,DIRECT_NEGATIVE_BINOMIAL_COUNT_CONFIDENCE_ONLY_V1,9.083969686304771,9.0,8.0,1.083969686304771,1.0,TOTAL_MARKET_CERTIFIED_PAIRED,2026-08-14T12:48:19Z,LowVig.ag,DESCRIPTIVE_ONLY_NO_EDGE_OR_EV,,,
GAME,PROSPECTIVE_AUG06_15,RETROSPECTIVE_POST_HOC_DIAGNOSTIC,2026-08-14,822942,C_CONFIDENCE_ONLY,DIRECT_NEGATIVE_BINOMIAL_COUNT_CONFIDENCE_ONLY_V1,8.349540872420427,8.0,8.0,0.34954087242042675,0.0,TOTAL_MARKET_CERTIFIED_PAIRED,2026-08-14T18:17:23Z,FanDuel,DESCRIPTIVE_ONLY_NO_EDGE_OR_EV,,,
GAME,PROSPECTIVE_AUG06_15,RETROSPECTIVE_POST_HOC_DIAGNOSTIC,2026-08-14,823185,C_CONFIDENCE_ONLY,DIRECT_NEGATIVE_BINOMIAL_COUNT_CONFIDENCE_ONLY_V1,8.473625094717297,8.0,7.5,0.9736250947172973,0.5,TOTAL_MARKET_CERTIFIED_PAIRED,2026-08-14T12:48:19Z,LowVig.ag,DESCRIPTIVE_ONLY_NO_EDGE_OR_EV,,,
GAME,PROSPECTIVE_AUG06_15,RETROSPECTIVE_POST_HOC_DIAGNOSTIC,2026-08-14,823346,C_CONFIDENCE_ONLY,DIRECT_NEGATIVE_BINOMIAL_COUNT_CONFIDENCE_ONLY_V1,8.778431681878786,8.0,8.0,0.7784316818787858,0.0,TOTAL_MARKET_CERTIFIED_PAIRED,2026-08-14T12:48:19Z,LowVig.ag,DESCRIPTIVE_ONLY_NO_EDGE_OR_EV,,,
GAME,PROSPECTIVE_AUG06_15,RETROSPECTIVE_POST_HOC_DIAGNOSTIC,2026-08-14,823591,C_CONFIDENCE_ONLY,DIRECT_NEGATIVE_BINOMIAL_COUNT_CONFIDENCE_ONLY_V1,8.612690261510547,8.0,8.5,0.11269026151054717,0.5,TOTAL_MARKET_CERTIFIED_PAIRED,2026-08-14T12:48:19Z,LowVig.ag,DESCRIPTIVE_ONLY_NO_EDGE_OR_EV,,,
GAME,PROSPECTIVE_AUG06_15,RETROSPECTIVE_POST_HOC_DIAGNOSTIC,2026-08-14,823913,C_CONFIDENCE_ONLY,DIRECT_NEGATIVE_BINOMIAL_COUNT_CONFIDENCE_ONLY_V1,8.403345269611737,8.0,8.0,0.4033452696117372,0.0,TOTAL_MARKET_CERTIFIED_PAIRED,2026-08-14T12:48:19Z,LowVig.ag,DESCRIPTIVE_ONLY_NO_EDGE_OR_EV,,,
GAME,PROSPECTIVE_AUG06_15,RETROSPECTIVE_POST_HOC_DIAGNOSTIC,2026-08-14,823993,C_CONFIDENCE_ONLY,DIRECT_NEGATIVE_BINOMIAL_COUNT_CONFIDENCE_ONLY_V1,8.927535404493376,8.0,9.0,0.07246459550662365,1.0,TOTAL_MARKET_CERTIFIED_PAIRED,2026-08-14T12:48:19Z,LowVig.ag,DESCRIPTIVE_ONLY_NO_EDGE_OR_EV,,,
GAME,PROSPECTIVE_AUG06_15,RETROSPECTIVE_POST_HOC_DIAGNOSTIC,2026-08-14,824159,C_CONFIDENCE_ONLY,DIRECT_NEGATIVE_BINOMIAL_COUNT_CONFIDENCE_ONLY_V1,8.580252772470686,8.0,8.0,0.5802527724706863,0.0,TOTAL_MARKET_CERTIFIED_PAIRED,2026-08-14T12:48:19Z,LowVig.ag,DESCRIPTIVE_ONLY_NO_EDGE_OR_EV,,,
GAME,PROSPECTIVE_AUG06_15,RETROSPECTIVE_POST_HOC_DIAGNOSTIC,2026-08-14,824237,C_CONFIDENCE_ONLY,DIRECT_NEGATIVE_BINOMIAL_COUNT_CONFIDENCE_ONLY_V1,8.65287445361896,8.0,8.5,0.1528744536189599,0.5,TOTAL_MARKET_CERTIFIED_PAIRED,2026-08-14T12:48:19Z,LowVig.ag,DESCRIPTIVE_ONLY_NO_EDGE_OR_EV,,,
GAME,PROSPECTIVE_AUG06_15,RETROSPECTIVE_POST_HOC_DIAGNOSTIC,2026-08-14,824399,C_CONFIDENCE_ONLY,DIRECT_NEGATIVE_BINOMIAL_COUNT_CONFIDENCE_ONLY_V1,8.263298244410352,8.0,7.5,0.7632982444103522,0.5,TOTAL_MARKET_CERTIFIED_PAIRED,2026-08-14T12:48:19Z,LowVig.ag,DESCRIPTIVE_ONLY_NO_EDGE_OR_EV,,,
GAME,PROSPECTIVE_AUG06_15,RETROSPECTIVE_POST_HOC_DIAGNOSTIC,2026-08-14,824479,C_CONFIDENCE_ONLY,DIRECT_NEGATIVE_BINOMIAL_COUNT_CONFIDENCE_ONLY_V1,8.741552503541982,8.0,8.0,0.7415525035419819,0.0,TOTAL_MARKET_CERTIFIED_PAIRED,2026-08-14T12:48:19Z,LowVig.ag,DESCRIPTIVE_ONLY_NO_EDGE_OR_EV,,,
GAME,PROSPECTIVE_AUG06_15,RETROSPECTIVE_POST_HOC_DIAGNOSTIC,2026-08-14,824643,C_CONFIDENCE_ONLY,DIRECT_NEGATIVE_BINOMIAL_COUNT_CONFIDENCE_ONLY_V1,8.423800360417777,8.0,8.0,0.42380036041777736,0.0,TOTAL_MARKET_CERTIFIED_PAIRED,2026-08-14T12:48:19Z,FanDuel,DESCRIPTIVE_ONLY_NO_EDGE_OR_EV,,,
GAME,PROSPECTIVE_AUG06_15,RETROSPECTIVE_POST_HOC_DIAGNOSTIC,2026-08-14,824882,C_CONFIDENCE_ONLY,DIRECT_NEGATIVE_BINOMIAL_COUNT_CONFIDENCE_ONLY_V1,8.501664525065769,8.0,9.5,0.9983354749342315,1.5,TOTAL_MARKET_CERTIFIED_PAIRED,2026-08-14T18:17:23Z,FanDuel,DESCRIPTIVE_ONLY_NO_EDGE_OR_EV,,,
GAME,PROSPECTIVE_AUG06_15,RETROSPECTIVE_POST_HOC_DIAGNOSTIC,2026-08-14,824968,C_CONFIDENCE_ONLY,DIRECT_NEGATIVE_BINOMIAL_COUNT_CONFIDENCE_ONLY_V1,10.178599346962136,10.0,9.5,0.6785993469621356,0.5,TOTAL_MARKET_CERTIFIED_PAIRED,2026-08-14T23:44:05Z,Bovada,DESCRIPTIVE_ONLY_NO_EDGE_OR_EV,,,
GAME,PROSPECTIVE_AUG06_15,RETROSPECTIVE_POST_HOC_DIAGNOSTIC,2026-08-15,822775,C_CONFIDENCE_ONLY,DIRECT_NEGATIVE_BINOMIAL_COUNT_CONFIDENCE_ONLY_V1,8.91691848287027,8.0,7.5,1.4169184828702708,0.5,TOTAL_MARKET_CERTIFIED_PAIRED,2026-08-15T12:50:51Z,MyBookie.ag,DESCRIPTIVE_ONLY_NO_EDGE_OR_EV,,,
GAME,PROSPECTIVE_AUG06_15,RETROSPECTIVE_POST_HOC_DIAGNOSTIC,2026-08-15,822941,C_CONFIDENCE_ONLY,DIRECT_NEGATIVE_BINOMIAL_COUNT_CONFIDENCE_ONLY_V1,8.311724562243233,8.0,7.5,0.8117245622432332,0.5,TOTAL_MARKET_CERTIFIED_PAIRED,2026-08-15T12:50:51Z,MyBookie.ag,DESCRIPTIVE_ONLY_NO_EDGE_OR_EV,,,
GAME,PROSPECTIVE_AUG06_15,RETROSPECTIVE_POST_HOC_DIAGNOSTIC,2026-08-15,823184,C_CONFIDENCE_ONLY,DIRECT_NEGATIVE_BINOMIAL_COUNT_CONFIDENCE_ONLY_V1,7.926195988701391,7.0,7.5,0.42619598870139086,0.5,TOTAL_MARKET_CERTIFIED_PAIRED,2026-08-15T12:50:51Z,MyBookie.ag,DESCRIPTIVE_ONLY_NO_EDGE_OR_EV,,,
GAME,PROSPECTIVE_AUG06_15,RETROSPECTIVE_POST_HOC_DIAGNOSTIC,2026-08-15,823347,C_CONFIDENCE_ONLY,DIRECT_NEGATIVE_BINOMIAL_COUNT_CONFIDENCE_ONLY_V1,8.772505561443525,8.0,8.0,0.7725055614435252,0.0,TOTAL_MARKET_CERTIFIED_PAIRED,2026-08-15T12:50:51Z,MyBookie.ag,DESCRIPTIVE_ONLY_NO_EDGE_OR_EV,,,
GAME,PROSPECTIVE_AUG06_15,RETROSPECTIVE_POST_HOC_DIAGNOSTIC,2026-08-15,823588,C_CONFIDENCE_ONLY,DIRECT_NEGATIVE_BINOMIAL_COUNT_CONFIDENCE_ONLY_V1,8.404067692655945,8.0,8.5,0.09593230734405545,0.5,TOTAL_MARKET_CERTIFIED_PAIRED,2026-08-15T12:50:51Z,MyBookie.ag,DESCRIPTIVE_ONLY_NO_EDGE_OR_EV,,,
GAME,PROSPECTIVE_AUG06_15,RETROSPECTIVE_POST_HOC_DIAGNOSTIC,2026-08-15,823671,C_CONFIDENCE_ONLY,DIRECT_NEGATIVE_BINOMIAL_COUNT_CONFIDENCE_ONLY_V1,9.12466681115667,9.0,8.0,1.1246668111566702,1.0,TOTAL_MARKET_CERTIFIED_PAIRED,2026-08-15T12:50:51Z,MyBookie.ag,DESCRIPTIVE_ONLY_NO_EDGE_OR_EV,,,
GAME,PROSPECTIVE_AUG06_15,RETROSPECTIVE_POST_HOC_DIAGNOSTIC,2026-08-15,823914,C_CONFIDENCE_ONLY,DIRECT_NEGATIVE_BINOMIAL_COUNT_CONFIDENCE_ONLY_V1,8.536165042462253,8.0,7.5,1.0361650424622528,0.5,TOTAL_MARKET_CERTIFIED_PAIRED,2026-08-15T12:50:51Z,MyBookie.ag,DESCRIPTIVE_ONLY_NO_EDGE_OR_EV,,,
GAME,PROSPECTIVE_AUG06_15,RETROSPECTIVE_POST_HOC_DIAGNOSTIC,2026-08-15,823990,C_CONFIDENCE_ONLY,DIRECT_NEGATIVE_BINOMIAL_COUNT_CONFIDENCE_ONLY_V1,8.74822152740201,8.0,8.0,0.7482215274020092,0.0,TOTAL_MARKET_CERTIFIED_PAIRED,2026-08-15T12:50:51Z,MyBookie.ag,DESCRIPTIVE_ONLY_NO_EDGE_OR_EV,,,
GAME,PROSPECTIVE_AUG06_15,RETROSPECTIVE_POST_HOC_DIAGNOSTIC,2026-08-15,824157,C_CONFIDENCE_ONLY,DIRECT_NEGATIVE_BINOMIAL_COUNT_CONFIDENCE_ONLY_V1,8.740722575215027,8.0,8.5,0.2407225752150275,0.5,TOTAL_MARKET_CERTIFIED_PAIRED,2026-08-15T12:50:51Z,MyBookie.ag,DESCRIPTIVE_ONLY_NO_EDGE_OR_EV,,,
GAME,PROSPECTIVE_AUG06_15,RETROSPECTIVE_POST_HOC_DIAGNOSTIC,2026-08-15,824239,C_CONFIDENCE_ONLY,DIRECT_NEGATIVE_BINOMIAL_COUNT_CONFIDENCE_ONLY_V1,8.573733305131455,8.0,7.5,1.073733305131455,0.5,TOTAL_MARKET_CERTIFIED_PAIRED,2026-08-15T12:50:51Z,MyBookie.ag,DESCRIPTIVE_ONLY_NO_EDGE_OR_EV,,,
GAME,PROSPECTIVE_AUG06_15,RETROSPECTIVE_POST_HOC_DIAGNOSTIC,2026-08-15,824400,C_CONFIDENCE_ONLY,DIRECT_NEGATIVE_BINOMIAL_COUNT_CONFIDENCE_ONLY_V1,8.01778801948509,8.0,8.0,0.017788019485090345,0.0,TOTAL_MARKET_CERTIFIED_PAIRED,2026-08-15T20:16:09Z,Caesars,DESCRIPTIVE_ONLY_NO_EDGE_OR_EV,,,
GAME,PROSPECTIVE_AUG06_15,RETROSPECTIVE_POST_HOC_DIAGNOSTIC,2026-08-15,824480,C_CONFIDENCE_ONLY,DIRECT_NEGATIVE_BINOMIAL_COUNT_CONFIDENCE_ONLY_V1,8.809669949565164,8.0,9.5,0.6903300504348362,1.5,TOTAL_MARKET_CERTIFIED_PAIRED,2026-08-15T12:50:51Z,MyBookie.ag,DESCRIPTIVE_ONLY_NO_EDGE_OR_EV,,,
GAME,PROSPECTIVE_AUG06_15,RETROSPECTIVE_POST_HOC_DIAGNOSTIC,2026-08-15,824644,C_CONFIDENCE_ONLY,DIRECT_NEGATIVE_BINOMIAL_COUNT_CONFIDENCE_ONLY_V1,8.161592772600601,8.0,9.5,1.338407227399399,1.5,TOTAL_MARKET_CERTIFIED_PAIRED,2026-08-15T12:50:51Z,MyBookie.ag,DESCRIPTIVE_ONLY_NO_EDGE_OR_EV,,,
GAME,PROSPECTIVE_AUG06_15,RETROSPECTIVE_POST_HOC_DIAGNOSTIC,2026-08-15,824884,C_CONFIDENCE_ONLY,DIRECT_NEGATIVE_BINOMIAL_COUNT_CONFIDENCE_ONLY_V1,8.638431305056901,8.0,9.0,0.36156869494309873,1.0,TOTAL_MARKET_CERTIFIED_PAIRED,2026-08-15T12:50:51Z,MyBookie.ag,DESCRIPTIVE_ONLY_NO_EDGE_OR_EV,,,
GAME,PROSPECTIVE_AUG06_15,RETROSPECTIVE_POST_HOC_DIAGNOSTIC,2026-08-15,824966,C_CONFIDENCE_ONLY,DIRECT_NEGATIVE_BINOMIAL_COUNT_CONFIDENCE_ONLY_V1,10.07380804654591,9.0,9.5,0.5738080465459099,0.5,TOTAL_MARKET_CERTIFIED_PAIRED,2026-08-15T12:50:51Z,MyBookie.ag,DESCRIPTIVE_ONLY_NO_EDGE_OR_EV,,,
SUMMARY,PROSPECTIVE_AUG06_15,RETROSPECTIVE_POST_HOC_DIAGNOSTIC,ALL,ALL,A_CONTROL,DIRECT_NEGATIVE_BINOMIAL_RAW_V1,,,,,,,,,EXPECTED_TOTAL_IS_MEAN_TYPICAL_TOTAL_IS_MEDIAN_DESCRIPTIVE_ONLY,121,0.5872393465379202,0.9545454545454546
SUMMARY,PROSPECTIVE_AUG06_15,RETROSPECTIVE_POST_HOC_DIAGNOSTIC,ALL,ALL,C_CONFIDENCE_ONLY,DIRECT_NEGATIVE_BINOMIAL_COUNT_CONFIDENCE_ONLY_V1,,,,,,,,,EXPECTED_TOTAL_IS_MEAN_TYPICAL_TOTAL_IS_MEDIAN_DESCRIPTIVE_ONLY,121,0.6016044849194574,0.5
