team,appearance,games,mean_home_probability,actual_home_win_rate,correctness,brier_contribution_mean,brier_contribution_sum,calibration_gap,material_calibration_class,franchise_transition_flag
ANA,home,59,0.479491123173756,0.457627118644068,0.576271186440678,0.249569610939583,14.7246070454354,0.021864004529688,WITHIN_0_10,False
ARI,home,19,0.466870226739206,0.473684210526316,0.473684210526316,0.260169680536056,4.94322393018506,-0.00681398378711001,WITHIN_0_10,True
BOS,home,69,0.513538018321706,0.463768115942029,0.579710144927536,0.237299657909796,16.3736763957759,0.0497699023796769,WITHIN_0_10,False
BUF,home,59,0.530559008512641,0.559322033898305,0.457627118644068,0.257433077072159,15.1885515472574,-0.0287630253856641,WITHIN_0_10,False
CAR,home,76,0.64012764333705,0.723684210526316,0.723684210526316,0.202156033495983,15.3638585456947,-0.0835565671892662,WITHIN_0_10,False
CBJ,home,57,0.533934508218843,0.596491228070175,0.596491228070175,0.246135037204807,14.029697120674,-0.062556719851332,WITHIN_0_10,False
CGY,home,62,0.550032237943062,0.532258064516129,0.612903225806452,0.242252140972607,15.0196327403017,0.0177741734269327,WITHIN_0_10,False
CHI,home,61,0.458904088081486,0.360655737704918,0.573770491803279,0.234471416675362,14.3027564171971,0.098248350376568,WITHIN_0_10,False
COL,home,67,0.592593420678559,0.641791044776119,0.611940298507463,0.228467845547489,15.3073456516817,-0.0491976240975602,WITHIN_0_10,False
DAL,home,78,0.553054196552425,0.653846153846154,0.58974358974359,0.235578365480055,18.3751125074443,-0.100791957293728,UNDERPREDICTED,False
DET,home,60,0.488951331214979,0.566666666666667,0.6,0.238471194386641,14.3082716631984,-0.0777153354516875,WITHIN_0_10,False
EDM,home,84,0.60625043030378,0.654761904761905,0.654761904761905,0.218823070342145,18.3811379087402,-0.0485114744581244,WITHIN_0_10,False
FLA,home,84,0.601565940992534,0.654761904761905,0.630952380952381,0.227665942865679,19.1239392007171,-0.0531959637693711,WITHIN_0_10,False
LAK,home,67,0.596944804911257,0.716417910447761,0.641791044776119,0.218336668357396,14.6285567799455,-0.119473105536504,UNDERPREDICTED,False
MIN,home,62,0.534761499496813,0.516129032258065,0.596774193548387,0.226300815159656,14.0306505398987,0.0186324672387482,WITHIN_0_10,False
MTL,home,61,0.472907979611189,0.508196721311475,0.557377049180328,0.254529873632217,15.5263222915652,-0.0352887417002869,WITHIN_0_10,False
NJD,home,63,0.573196354638697,0.444444444444444,0.444444444444444,0.254280333652243,16.0196610200913,0.128751910194253,OVERPREDICTED,False
NSH,home,61,0.564066394195197,0.491803278688525,0.475409836065574,0.2530383116229,15.4353370089969,0.0722631155066726,WITHIN_0_10,False
NYI,home,62,0.5336828146884,0.483870967741935,0.483870967741935,0.261411477213584,16.2075115872422,0.0498118469464649,WITHIN_0_10,False
NYR,home,69,0.537048375239727,0.565217391304348,0.594202898550725,0.23341584333271,16.105693189957,-0.0281690160646209,WITHIN_0_10,False
OTT,home,62,0.575218156227679,0.596774193548387,0.612903225806452,0.248016765302081,15.377039448729,-0.0215560373207084,WITHIN_0_10,False
PHI,home,61,0.556223424228532,0.475409836065574,0.540983606557377,0.251344782133399,15.3320317101373,0.080813588162958,WITHIN_0_10,False
PIT,home,61,0.530534890388372,0.540983606557377,0.573770491803279,0.234430064581541,14.300233939474,-0.0104487161690048,WITHIN_0_10,False
SEA,home,62,0.534229008952698,0.419354838709677,0.580645161290323,0.251632935786518,15.6012420187641,0.11487417024302,OVERPREDICTED,False
SJS,home,62,0.43110140316735,0.274193548387097,0.693548387096774,0.223390716377441,13.8502244154014,0.156907854780253,OVERPREDICTED,False
STL,home,63,0.514036742525518,0.619047619047619,0.650793650793651,0.236020534724783,14.8692936876613,-0.105010876522101,UNDERPREDICTED,False
TBL,home,64,0.553483902473515,0.625,0.625,0.228595503028489,14.6301121938233,-0.0715160975264852,WITHIN_0_10,False
TOR,home,71,0.557053569608167,0.619718309859155,0.605633802816901,0.229991981420515,16.3294306808566,-0.062664740250988,WITHIN_0_10,False
UTA,home,41,0.529173954672552,0.439024390243902,0.634146341463415,0.237984875215427,9.75737988383251,0.0901495644286494,WITHIN_0_10,True
VAN,home,69,0.532277131746326,0.463768115942029,0.536231884057971,0.242132088894605,16.7071141337277,0.0685090158042972,WITHIN_0_10,False
VGK,home,67,0.570621536248727,0.626865671641791,0.597014925373134,0.227259304858678,15.2263734255314,-0.0562441353930641,WITHIN_0_10,False
WPG,home,68,0.560836536571487,0.705882352941177,0.705882352941177,0.216361354305827,14.7125720927963,-0.14504581636969,UNDERPREDICTED,False
WSH,home,66,0.542045144699192,0.590909090909091,0.515151515151515,0.24301306571771,16.0388623373688,-0.0488639462098991,WITHIN_0_10,False
ANA,away,61,0.616938951546319,0.672131147540984,0.672131147540984,0.221906139241721,13.536274493745,-0.0551921959946643,WITHIN_0_10,False
ARI,away,20,0.620680767022296,0.7,0.7,0.205573897907589,4.11147795815178,-0.0793192329777035,WITHIN_0_10,True
BOS,away,64,0.573643431489235,0.578125,0.5625,0.250801770527409,16.0513133137542,-0.00448156851076464,WITHIN_0_10,False
BUF,away,60,0.550298278504707,0.633333333333333,0.633333333333333,0.235859597486227,14.1515758491736,-0.0830350548286259,WITHIN_0_10,False
CAR,away,71,0.448286787616147,0.507042253521127,0.52112676056338,0.243376075384428,17.2797013522944,-0.0587554659049794,WITHIN_0_10,False
CBJ,away,63,0.560161903526604,0.698412698412698,0.698412698412698,0.206851893691625,13.0316693025724,-0.138250794886094,UNDERPREDICTED,False
CGY,away,57,0.547582670850773,0.56140350877193,0.578947368421053,0.231365382371181,13.1878267951573,-0.0138208379211565,WITHIN_0_10,False
CHI,away,58,0.615650361515315,0.775862068965517,0.741379310344828,0.200360968562644,11.6209361766333,-0.160211707450202,UNDERPREDICTED,False
COL,away,69,0.496895112693247,0.478260869565217,0.565217391304348,0.242034107505209,16.7003534178594,0.01863424312803,WITHIN_0_10,False
DAL,away,79,0.525031319894054,0.443037974683544,0.594936708860759,0.240972333588954,19.0368143535274,0.0819933452105101,WITHIN_0_10,False
DET,away,60,0.608449762603314,0.616666666666667,0.6,0.230837444009855,13.8502466405913,-0.00821690406335263,WITHIN_0_10,False
EDM,away,86,0.473791553390378,0.465116279069767,0.476744186046512,0.249040723649506,21.4175022338575,0.00867527432061077,WITHIN_0_10,False
FLA,away,83,0.492603197726206,0.409638554216867,0.530120481927711,0.25263667631253,20.96884413394,0.0829646435093385,WITHIN_0_10,False
LAK,away,66,0.505092184105983,0.606060606060606,0.575757575757576,0.241399150191811,15.9323439126595,-0.100968421954623,UNDERPREDICTED,False
MIN,away,64,0.55767521840874,0.4375,0.609375,0.247789666298246,15.8585386430877,0.12017521840874,OVERPREDICTED,False
MTL,away,63,0.623262020761129,0.666666666666667,0.666666666666667,0.222156735925656,13.9958743633164,-0.0434046459055374,WITHIN_0_10,False
NJD,away,64,0.500725517944698,0.515625,0.578125,0.24405728535519,15.6196662627321,-0.0148994820553017,WITHIN_0_10,False
NSH,away,64,0.52918467538362,0.625,0.6875,0.234792590977788,15.0267258225785,-0.0958153246163798,WITHIN_0_10,False
NYI,away,63,0.54268444465714,0.587301587301587,0.587301587301587,0.243992639324971,15.3715362774732,-0.0446171426444475,WITHIN_0_10,False
NYR,away,67,0.542526375211467,0.447761194029851,0.567164179104478,0.245231410535166,16.4305045058561,0.094765181181616,WITHIN_0_10,False
OTT,away,68,0.509453740298972,0.544117647058823,0.5,0.248271877726103,16.882487685375,-0.0346639067598514,WITHIN_0_10,False
PHI,away,58,0.527259438063953,0.706896551724138,0.53448275862069,0.247313376471174,14.3441758353281,-0.179637113660184,UNDERPREDICTED,False
PIT,away,61,0.564115989822922,0.704918032786885,0.622950819672131,0.227445917914395,13.8742009927781,-0.140802042963963,UNDERPREDICTED,False
SEA,away,57,0.5586100749529,0.578947368421053,0.614035087719298,0.231294195918758,13.1837691673692,-0.0203372934681531,WITHIN_0_10,False
SJS,away,57,0.639206472379938,0.789473684210526,0.771929824561403,0.190011016994437,10.8306279686829,-0.150267211830589,UNDERPREDICTED,False
STL,away,65,0.574505484998721,0.538461538461538,0.538461538461538,0.239851939533213,15.5903760696588,0.036043946537183,WITHIN_0_10,False
TBL,away,65,0.545933675836253,0.523076923076923,0.584615384615385,0.240665889980017,15.6432828487011,0.0228567527593294,WITHIN_0_10,False
TOR,away,70,0.535840969113284,0.4,0.471428571428571,0.252091097646047,17.6463768352233,0.135840969113284,OVERPREDICTED,False
UTA,away,41,0.567268269099429,0.51219512195122,0.634146341463415,0.228652433502622,9.3747497736075,0.0550731471482091,WITHIN_0_10,True
VAN,away,63,0.568665875664523,0.476190476190476,0.555555555555556,0.24309100436302,15.3147332748703,0.092475399474047,WITHIN_0_10,False
VGK,away,70,0.508026514568409,0.5,0.571428571428571,0.241865798176162,16.9306058723313,0.00802651456840919,WITHIN_0_10,False
WPG,away,71,0.52061582042648,0.464788732394366,0.605633802816901,0.239569851300374,17.0094594423266,0.0558270880321135,WITHIN_0_10,False
WSH,away,69,0.562083381773262,0.492753623188406,0.565217391304348,0.236563499781017,16.3228814848902,0.0693297585848563,WITHIN_0_10,False
