evidence_label,model,feature,period,variant,training_mean,training_p95,games,mean_prediction,mean_actual,actual_minus_forecast_bias,mae,rmse,crps,ladder_brier,ladder_log_loss,ladder_ece,delta_mae_vs_original,delta_rmse_vs_original,delta_actual_minus_forecast_bias_vs_original,delta_crps_vs_original,delta_ladder_brier_vs_original,delta_ladder_log_loss_vs_original,delta_ladder_ece_vs_original
COUNTERFACTUAL_ONLY_NOT_A_MODEL,CONTROL,home_starter_prior_starts,FROZEN_2025_VALIDATION,ORIGINAL,18.73677711463264,49.0,2433,8.673156463520883,8.888203863542952,0.21504740002206743,3.597206636166537,4.591661831793692,2.5315957786140326,0.22718558400314987,0.646296657014328,0.01646743865268339,0.0,0.0,0.0,0.0,0.0,0.0,0.0
COUNTERFACTUAL_ONLY_NOT_A_MODEL,CONTROL,home_starter_prior_starts,FROZEN_2025_VALIDATION,TRAINING_MEAN,18.73677711463264,49.0,2433,8.508806879489356,8.888203863542952,0.37939698405359473,3.5824181043437004,4.594545048971286,2.532451758901253,0.2271715755411693,0.6463413154864754,0.02927439360220405,-0.014788531822836681,0.0028832171775938775,0.1643495840315273,0.000855980287220337,-1.4008461980574705e-05,4.465847214740748e-05,0.012806954949520659
COUNTERFACTUAL_ONLY_NOT_A_MODEL,CONTROL,home_starter_prior_starts,FROZEN_2025_VALIDATION,TRAINING_P95_CAP,18.73677711463264,49.0,2433,8.61559922840711,8.888203863542952,0.27260463513584154,3.5926723118376964,4.59244446863742,2.5320010710495477,0.22722485015714003,0.6464146693329984,0.020773764227871815,-0.004534324328840711,0.0007826368437280351,0.05755723511377411,0.0004052924355151255,3.926615399016398e-05,0.00011801231867036854,0.004306325575188424
COUNTERFACTUAL_ONLY_NOT_A_MODEL,CONTROL,home_starter_prior_starts,FROZEN_2025_VALIDATION,ZERO_COEFFICIENT_CONTRIBUTION,18.73677711463264,49.0,2433,8.508806879489356,8.888203863542952,0.37939698405359473,3.5824181043437004,4.594545048971286,2.532451758901253,0.2271715755411693,0.6463413154864754,0.02927439360220405,-0.014788531822836681,0.0028832171775938775,0.1643495840315273,0.000855980287220337,-1.4008461980574705e-05,4.465847214740748e-05,0.012806954949520659
COUNTERFACTUAL_ONLY_NOT_A_MODEL,CONTROL,home_starter_prior_starts,2026_SEQUENTIAL_EARLY,ORIGINAL,18.73677711463264,49.0,1281,8.412418433529181,8.989851678376269,0.5774332448470871,3.5209459692414056,4.500767948230816,2.5051476024217507,0.22689948711410368,0.6460560815972384,0.049748805580974394,0.0,0.0,0.0,0.0,0.0,0.0,0.0
COUNTERFACTUAL_ONLY_NOT_A_MODEL,CONTROL,home_starter_prior_starts,2026_SEQUENTIAL_EARLY,TRAINING_MEAN,18.73677711463264,49.0,1281,8.207651676831992,8.989851678376269,0.7822000015442766,3.523914412762166,4.529231200948,2.5224064378621143,0.2287755534811738,0.6502775378950398,0.06740707964919308,0.002968443520760644,0.02846325271718353,0.20476675669718947,0.01725883544036355,0.001876066367070106,0.0042214562978014625,0.01765827406821869
COUNTERFACTUAL_ONLY_NOT_A_MODEL,CONTROL,home_starter_prior_starts,2026_SEQUENTIAL_EARLY,TRAINING_P95_CAP,18.73677711463264,49.0,1281,8.316563824350427,8.989851678376269,0.673287854025842,3.5198872560288503,4.510772525413736,2.5115127073816095,0.22758008765865914,0.6475758364473134,0.057953355059677324,-0.00105871321255524,0.010004577182919583,0.09585460917875488,0.006365104959858758,0.0006806005445554597,0.0015197548500750502,0.00820454947870293
COUNTERFACTUAL_ONLY_NOT_A_MODEL,CONTROL,home_starter_prior_starts,2026_SEQUENTIAL_EARLY,ZERO_COEFFICIENT_CONTRIBUTION,18.73677711463264,49.0,1281,8.207651676831992,8.989851678376269,0.7822000015442766,3.523914412762166,4.529231200948,2.5224064378621143,0.2287755534811738,0.6502775378950398,0.06740707964919308,0.002968443520760644,0.02846325271718353,0.20476675669718947,0.01725883544036355,0.001876066367070106,0.0042214562978014625,0.01765827406821869
COUNTERFACTUAL_ONLY_NOT_A_MODEL,CONTROL,home_starter_prior_starts,2026_LATE_HOLDOUT,ORIGINAL,18.73677711463264,49.0,439,8.266052304145697,8.927107061503417,0.6610547573577193,3.6782613120044236,4.68092949277268,2.6022766473304486,0.23053602911161053,0.6543558561017102,0.04390562249268724,0.0,0.0,0.0,0.0,0.0,0.0,0.0
COUNTERFACTUAL_ONLY_NOT_A_MODEL,CONTROL,home_starter_prior_starts,2026_LATE_HOLDOUT,TRAINING_MEAN,18.73677711463264,49.0,439,8.043474853736246,8.927107061503417,0.8836322077671704,3.673921375833645,4.722020355166058,2.62548203354123,0.23254746936555207,0.6595815096566551,0.06314770192751988,-0.004339936170778547,0.04109086239337767,0.2225774504094511,0.023205386210781498,0.0020114402539415377,0.005225653554944865,0.019242079434832644
COUNTERFACTUAL_ONLY_NOT_A_MODEL,CONTROL,home_starter_prior_starts,2026_LATE_HOLDOUT,TRAINING_P95_CAP,18.73677711463264,49.0,439,8.152934328045996,8.927107061503417,0.7741727334574204,3.6737529111220177,4.701753781789695,2.6133544496452856,0.23143255199529422,0.6566761715018711,0.05580889059992401,-0.004508400882405894,0.02082428901701494,0.11311797609970109,0.011077802314837015,0.0008965228836836925,0.002320315400160866,0.011903268107236777
COUNTERFACTUAL_ONLY_NOT_A_MODEL,CONTROL,home_starter_prior_starts,2026_LATE_HOLDOUT,ZERO_COEFFICIENT_CONTRIBUTION,18.73677711463264,49.0,439,8.043474853736246,8.927107061503417,0.8836322077671704,3.673921375833645,4.722020355166058,2.62548203354123,0.23254746936555207,0.6595815096566551,0.06314770192751988,-0.004339936170778547,0.04109086239337767,0.2225774504094511,0.023205386210781498,0.0020114402539415377,0.005225653554944865,0.019242079434832644
COUNTERFACTUAL_ONLY_NOT_A_MODEL,CONTROL,home_starter_prior_starts,PROSPECTIVE_AUG06_15,ORIGINAL,18.73677711463264,49.0,126,8.05211873571176,8.61111111111111,0.558992375399351,3.265726718124754,4.092129493546904,2.3138777181992336,0.22434798471609654,0.6408382598645951,0.06835425792700746,0.0,0.0,0.0,0.0,0.0,0.0,0.0
COUNTERFACTUAL_ONLY_NOT_A_MODEL,CONTROL,home_starter_prior_starts,PROSPECTIVE_AUG06_15,TRAINING_MEAN,18.73677711463264,49.0,126,7.838760062295744,8.61111111111111,0.7723510488153666,3.2719243659456185,4.101230272726077,2.3211746695110778,0.22603112936614456,0.6450928778068558,0.0872356789952915,0.006197647820864738,0.009100779179173735,0.21335867341601567,0.007296951311844158,0.001683144650048013,0.0042546179422606745,0.01888142106828404
COUNTERFACTUAL_ONLY_NOT_A_MODEL,CONTROL,home_starter_prior_starts,PROSPECTIVE_AUG06_15,TRAINING_P95_CAP,18.73677711463264,49.0,126,7.945851079866406,8.61111111111111,0.6652600312447062,3.268005275818618,4.093274911206662,2.315098808009819,0.22492785312131672,0.6422914740872094,0.07770331467111713,0.0022785576938644247,0.0011454176597585075,0.10626765584535525,0.0012210898105853296,0.0005798684052201741,0.0014532142226143518,0.009349056744109671
COUNTERFACTUAL_ONLY_NOT_A_MODEL,CONTROL,home_starter_prior_starts,PROSPECTIVE_AUG06_15,ZERO_COEFFICIENT_CONTRIBUTION,18.73677711463264,49.0,126,7.838760062295744,8.61111111111111,0.7723510488153666,3.2719243659456185,4.101230272726077,2.3211746695110778,0.22603112936614456,0.6450928778068558,0.0872356789952915,0.006197647820864738,0.009100779179173735,0.21335867341601567,0.007296951311844158,0.001683144650048013,0.0042546179422606745,0.01888142106828404
COUNTERFACTUAL_ONLY_NOT_A_MODEL,CONTROL,away_starter_prior_starts,FROZEN_2025_VALIDATION,ORIGINAL,18.666803869108872,49.0,2433,8.673156463520883,8.888203863542952,0.21504740002206743,3.597206636166537,4.591661831793692,2.5315957786140326,0.22718558400314987,0.646296657014328,0.01646743865268339,0.0,0.0,0.0,0.0,0.0,0.0,0.0
COUNTERFACTUAL_ONLY_NOT_A_MODEL,CONTROL,away_starter_prior_starts,FROZEN_2025_VALIDATION,TRAINING_MEAN,18.666803869108872,49.0,2433,8.662503379723374,8.888203863542952,0.2257004838195767,3.596720382769612,4.592307086178285,2.531936255379957,0.22722209020461548,0.6463830129740992,0.01723429959270892,-0.00048625339692520697,0.0006452543845929526,0.01065308379750926,0.00034047676592452447,3.6506201465613675e-05,8.635595977113386e-05,0.0007668609400255308
COUNTERFACTUAL_ONLY_NOT_A_MODEL,CONTROL,away_starter_prior_starts,FROZEN_2025_VALIDATION,TRAINING_P95_CAP,18.666803869108872,49.0,2433,8.66951627072157,8.888203863542952,0.21868759282138103,3.5971144509428665,4.5919798916025165,2.531771240979035,0.22720440668016453,0.6463405245846993,0.01700736403679546,-9.218522367060444e-05,0.00031805980882460005,0.003640192799313602,0.00017546236500232126,1.882267701466822e-05,4.386757037122546e-05,0.0005399253841120687
COUNTERFACTUAL_ONLY_NOT_A_MODEL,CONTROL,away_starter_prior_starts,FROZEN_2025_VALIDATION,ZERO_COEFFICIENT_CONTRIBUTION,18.666803869108872,49.0,2433,8.662503379723374,8.888203863542952,0.2257004838195767,3.596720382769612,4.592307086178285,2.531936255379957,0.22722209020461548,0.6463830129740992,0.01723429959270892,-0.00048625339692520697,0.0006452543845929526,0.01065308379750926,0.00034047676592452447,3.6506201465613675e-05,8.635595977113386e-05,0.0007668609400255308
COUNTERFACTUAL_ONLY_NOT_A_MODEL,CONTROL,away_starter_prior_starts,2026_SEQUENTIAL_EARLY,ORIGINAL,18.666803869108872,49.0,1281,8.412418433529181,8.989851678376269,0.5774332448470871,3.5209459692414056,4.500767948230816,2.5051476024217507,0.22689948711410368,0.6460560815972384,0.049748805580974394,0.0,0.0,0.0,0.0,0.0,0.0,0.0
COUNTERFACTUAL_ONLY_NOT_A_MODEL,CONTROL,away_starter_prior_starts,2026_SEQUENTIAL_EARLY,TRAINING_MEAN,18.666803869108872,49.0,1281,8.398910519970517,8.989851678376269,0.5909411584057523,3.5210945681477552,4.5024267645796785,2.5061756687234764,0.22702253781350135,0.6463349483819623,0.05091024406062086,0.00014859890634966177,0.0016588163488622243,0.013507913558665208,0.0010280663017256941,0.00012305069939766433,0.0002788667847238857,0.0011614384796464691
COUNTERFACTUAL_ONLY_NOT_A_MODEL,CONTROL,away_starter_prior_starts,2026_SEQUENTIAL_EARLY,TRAINING_P95_CAP,18.666803869108872,49.0,1281,8.406114309939024,8.989851678376269,0.5837373684372427,3.5211332355383953,4.501552377122602,2.5056704552299824,0.226964463431577,0.6462024505817229,0.05029116636623537,0.00018726629698972985,0.000784428891785538,0.00630412359015553,0.0005228528082317219,6.497631747331978e-05,0.00014636898448450175,0.000542360785260973
COUNTERFACTUAL_ONLY_NOT_A_MODEL,CONTROL,away_starter_prior_starts,2026_SEQUENTIAL_EARLY,ZERO_COEFFICIENT_CONTRIBUTION,18.666803869108872,49.0,1281,8.398910519970517,8.989851678376269,0.5909411584057523,3.5210945681477552,4.5024267645796785,2.5061756687234764,0.22702253781350135,0.6463349483819623,0.05091024406062086,0.00014859890634966177,0.0016588163488622243,0.013507913558665208,0.0010280663017256941,0.00012305069939766433,0.0002788667847238857,0.0011614384796464691
COUNTERFACTUAL_ONLY_NOT_A_MODEL,CONTROL,away_starter_prior_starts,2026_LATE_HOLDOUT,ORIGINAL,18.666803869108872,49.0,439,8.266052304145697,8.927107061503417,0.6610547573577193,3.6782613120044236,4.68092949277268,2.6022766473304486,0.23053602911161053,0.6543558561017102,0.04390562249268724,0.0,0.0,0.0,0.0,0.0,0.0,0.0
COUNTERFACTUAL_ONLY_NOT_A_MODEL,CONTROL,away_starter_prior_starts,2026_LATE_HOLDOUT,TRAINING_MEAN,18.666803869108872,49.0,439,8.250859224865067,8.927107061503417,0.6762478366383491,3.6790569965391615,4.6840655493947585,2.604353594126008,0.23076386473013444,0.6549157701235724,0.046144592265831175,0.0007956845347378838,0.003136056622078165,0.01519307928062974,0.0020769467955594756,0.00022783561852390832,0.0005599140218621734,0.002238969773143938
COUNTERFACTUAL_ONLY_NOT_A_MODEL,CONTROL,away_starter_prior_starts,2026_LATE_HOLDOUT,TRAINING_P95_CAP,18.666803869108872,49.0,439,8.25837269671993,8.927107061503417,0.6687343647834877,3.6787821854643585,4.682478734479306,2.6033415736154124,0.23065627504697572,0.6546506836038144,0.0450335283198773,0.0005208734599349008,0.00154924170662607,0.007679607425768342,0.0010649262849637964,0.00012024593536519301,0.00029482750210418907,0.001127905827190065
COUNTERFACTUAL_ONLY_NOT_A_MODEL,CONTROL,away_starter_prior_starts,2026_LATE_HOLDOUT,ZERO_COEFFICIENT_CONTRIBUTION,18.666803869108872,49.0,439,8.250859224865067,8.927107061503417,0.6762478366383491,3.6790569965391615,4.6840655493947585,2.604353594126008,0.23076386473013444,0.6549157701235724,0.046144592265831175,0.0007956845347378838,0.003136056622078165,0.01519307928062974,0.0020769467955594756,0.00022783561852390832,0.0005599140218621734,0.002238969773143938
COUNTERFACTUAL_ONLY_NOT_A_MODEL,CONTROL,away_starter_prior_starts,PROSPECTIVE_AUG06_15,ORIGINAL,18.666803869108872,49.0,126,8.05211873571176,8.61111111111111,0.558992375399351,3.265726718124754,4.092129493546904,2.3138777181992336,0.22434798471609654,0.6408382598645951,0.06835425792700746,0.0,0.0,0.0,0.0,0.0,0.0,0.0
COUNTERFACTUAL_ONLY_NOT_A_MODEL,CONTROL,away_starter_prior_starts,PROSPECTIVE_AUG06_15,TRAINING_MEAN,18.666803869108872,49.0,126,8.036133509591206,8.61111111111111,0.5749776015199057,3.2674135085438265,4.095846148015302,2.316061873456564,0.22462083600361002,0.641479698512519,0.06974982617584378,0.0016867904190727145,0.003716654468398417,0.015985226120554752,0.002184155257330289,0.00027285128751347587,0.0006414386479238754,0.0013955682488363264
COUNTERFACTUAL_ONLY_NOT_A_MODEL,CONTROL,away_starter_prior_starts,PROSPECTIVE_AUG06_15,TRAINING_P95_CAP,18.666803869108872,49.0,126,8.044027853710409,8.61111111111111,0.5670832574007024,3.266503715831647,4.093986004374037,2.3149270467227994,0.22447420119309913,0.6411278796445414,0.06905940821708502,0.0007769977068932121,0.0018565108271335617,0.00809088200135144,0.0010493285235657623,0.00012621647700258865,0.00028961977994634847,0.0007051502900775608
COUNTERFACTUAL_ONLY_NOT_A_MODEL,CONTROL,away_starter_prior_starts,PROSPECTIVE_AUG06_15,ZERO_COEFFICIENT_CONTRIBUTION,18.666803869108872,49.0,126,8.036133509591206,8.61111111111111,0.5749776015199057,3.2674135085438265,4.095846148015302,2.316061873456564,0.22462083600361002,0.641479698512519,0.06974982617584378,0.0016867904190727145,0.003716654468398417,0.015985226120554752,0.002184155257330289,0.00027285128751347587,0.0006414386479238754,0.0013955682488363264
