player_id,game_id,team_id,opponent_id,is_home,line,p_over,p_over_0_5,p_over_1_5
8470613,2025020161,21,1,1,0.5,,,
8470613,2025020161,21,1,1,1.5,,,
8470613,2025020161,21,1,1,2.5,,,
8470621,2025020165,26,28,0,0.5,,,
8470621,2025020165,26,28,0,1.5,,,
8470621,2025020165,26,28,0,2.5,,,
8471214,2025020159,15,25,0,0.5,,,
8471214,2025020159,15,25,0,1.5,,,
8471214,2025020159,15,25,0,2.5,,,
8471215,2025020150,5,4,0,0.5,,,
8471215,2025020150,5,4,0,1.5,,,
8471215,2025020150,5,4,0,2.5,,,
8471675,2025020150,5,4,0,0.5,,,
8471675,2025020150,5,4,0,1.5,,,
8471675,2025020150,5,4,0,2.5,,,
8471685,2025020165,26,28,0,0.5,,,
8471685,2025020165,26,28,0,1.5,,,
8471685,2025020165,26,28,0,2.5,,,
8471724,2025020150,5,4,0,0.5,,,
8471724,2025020150,5,4,0,1.5,,,
8471724,2025020150,5,4,0,2.5,,,
8471734,2025020163,3,23,0,0.5,,,
8471734,2025020163,3,23,0,1.5,,,
8471734,2025020163,3,23,0,2.5,,,
8471817,2025020165,28,26,1,0.5,,,
8471817,2025020165,28,26,1,1.5,,,
8471817,2025020165,28,26,1,2.5,,,
8473419,2025020153,13,24,1,0.5,,,
8473419,2025020153,13,24,1,1.5,,,
8473419,2025020153,13,24,1,2.5,,,
8473422,2025020160,16,9,1,0.5,,,
8473422,2025020160,16,9,1,1.5,,,
8473422,2025020160,16,9,1,2.5,,,
8473507,2025020153,13,24,1,0.5,,,
8473507,2025020153,13,24,1,1.5,,,
8473507,2025020153,13,24,1,2.5,,,
8473512,2025020160,9,16,0,0.5,,,
8473512,2025020160,9,16,0,1.5,,,
8473512,2025020160,9,16,0,2.5,,,
8473533,2025020155,12,54,1,0.5,,,
8473533,2025020155,12,54,1,1.5,,,
8473533,2025020155,12,54,1,2.5,,,
8473575,2025020154,2,6,0,0.5,,,
8473575,2025020154,2,6,0,1.5,,,
8473575,2025020154,2,6,0,2.5,,,
8473604,2025020157,52,30,0,0.5,,,
8473604,2025020157,52,30,0,1.5,,,
8473604,2025020157,52,30,0,2.5,,,
8473986,2025020153,24,13,0,0.5,,,
8473986,2025020153,24,13,0,1.5,,,
8473986,2025020153,24,13,0,2.5,,,
8473994,2025020159,25,15,1,0.5,,,
8473994,2025020159,25,15,1,1.5,,,
8473994,2025020159,25,15,1,2.5,,,
8474013,2025020162,68,22,0,0.5,,,
8474013,2025020162,68,22,0,1.5,,,
8474013,2025020162,68,22,0,2.5,,,
8474037,2025020158,17,19,0,0.5,,,
8474037,2025020158,17,19,0,1.5,,,
8474037,2025020158,17,19,0,2.5,,,
8474102,2025020160,9,16,0,0.5,,,
8474102,2025020160,9,16,0,1.5,,,
8474102,2025020160,9,16,0,2.5,,,
8474141,2025020158,17,19,0,0.5,,,
8474141,2025020158,17,19,0,1.5,,,
8474141,2025020158,17,19,0,2.5,,,
8474149,2025020161,1,21,0,0.5,,,
8474149,2025020161,1,21,0,1.5,,,
8474149,2025020161,1,21,0,2.5,,,
8474150,2025020151,20,10,0,0.5,,,
8474150,2025020151,20,10,0,1.5,,,
8474150,2025020151,20,10,0,2.5,,,
8474151,2025020156,14,18,0,0.5,,,
8474151,2025020156,14,18,0,1.5,,,
8474151,2025020156,14,18,0,2.5,,,
8474189,2025020160,9,16,0,0.5,,,
8474189,2025020160,9,16,0,1.5,,,
8474189,2025020160,9,16,0,2.5,,,
8474563,2025020165,26,28,0,0.5,,,
8474563,2025020165,26,28,0,1.5,,,
8474563,2025020165,26,28,0,2.5,,,
8474564,2025020156,18,14,1,0.5,,,
8474564,2025020156,18,14,1,1.5,,,
8474564,2025020156,18,14,1,2.5,,,
8474568,2025020157,52,30,0,0.5,,,
8474568,2025020157,52,30,0,1.5,,,
8474568,2025020157,52,30,0,2.5,,,
8474574,2025020163,23,3,1,0.5,,,
8474574,2025020163,23,3,1,1.5,,,
8474574,2025020163,23,3,1,2.5,,,
8474578,2025020150,5,4,0,0.5,,,
8474578,2025020150,5,4,0,1.5,,,
8474578,2025020150,5,4,0,2.5,,,
8474586,2025020164,55,8,1,0.5,,,
8474586,2025020164,55,8,1,1.5,,,
8474586,2025020164,55,8,1,2.5,,,
8474590,2025020159,15,25,0,0.5,,,
8474590,2025020159,15,25,0,1.5,,,
8474590,2025020159,15,25,0,2.5,,,
8474593,2025020161,1,21,0,0.5,,,
8474593,2025020161,1,21,0,1.5,,,
8474593,2025020161,1,21,0,2.5,,,
8474596,2025020161,1,21,0,0.5,,,
8474596,2025020161,1,21,0,1.5,,,
8474596,2025020161,1,21,0,2.5,,,
8474612,2025020158,17,19,0,0.5,,,
8474612,2025020158,17,19,0,1.5,,,
8474612,2025020158,17,19,0,2.5,,,
8474641,2025020162,22,68,1,0.5,,,
8474641,2025020162,22,68,1,1.5,,,
8474641,2025020162,22,68,1,2.5,,,
8474679,2025020157,52,30,0,0.5,,,
8474679,2025020157,52,30,0,1.5,,,
8474679,2025020157,52,30,0,2.5,,,
8474716,2025020157,30,52,1,0.5,,,
8474716,2025020157,30,52,1,1.5,,,
8474716,2025020157,30,52,1,2.5,,,
8475149,2025020157,30,52,1,0.5,,,
8475149,2025020157,30,52,1,1.5,,,
8475149,2025020157,30,52,1,2.5,,,
8475151,2025020154,2,6,0,0.5,,,
8475151,2025020154,2,6,0,1.5,,,
8475151,2025020154,2,6,0,2.5,,,
8475158,2025020156,18,14,1,0.5,,,
8475158,2025020156,18,14,1,1.5,,,
8475158,2025020156,18,14,1,2.5,,,
8475166,2025020151,10,20,1,0.5,,,
8475166,2025020151,10,20,1,1.5,,,
8475166,2025020151,10,20,1,2.5,,,
8475167,2025020156,14,18,0,0.5,,,
8475167,2025020156,14,18,0,1.5,,,
8475167,2025020156,14,18,0,2.5,,,
8475168,2025020159,25,15,1,0.5,,,
8475168,2025020159,25,15,1,1.5,,,
8475168,2025020159,25,15,1,2.5,,,
8475169,2025020163,23,3,1,0.5,,,
8475169,2025020163,23,3,1,1.5,,,
8475169,2025020163,23,3,1,2.5,,,
8475170,2025020158,19,17,1,0.5,,,
8475170,2025020158,19,17,1,1.5,,,
8475170,2025020158,19,17,1,2.5,,,
8475171,2025020151,10,20,1,0.5,,,
8475171,2025020151,10,20,1,1.5,,,
8475171,2025020151,10,20,1,2.5,,,
8475172,2025020151,20,10,0,0.5,,,
8475172,2025020151,20,10,0,1.5,,,
8475172,2025020151,20,10,0,2.5,,,
8475184,2025020153,24,13,0,0.5,,,
8475184,2025020153,24,13,0,1.5,,,
8475184,2025020153,24,13,0,2.5,,,
8475188,2025020155,54,12,0,0.5,,,
8475188,2025020155,54,12,0,1.5,,,
8475188,2025020155,54,12,0,2.5,,,
8475191,2025020155,54,12,0,0.5,,,
8475191,2025020155,54,12,0,1.5,,,
8475191,2025020155,54,12,0,2.5,,,
8475200,2025020165,28,26,1,0.5,,,
8475200,2025020165,28,26,1,1.5,,,
8475200,2025020165,28,26,1,2.5,,,
8475208,2025020165,26,28,0,0.5,,,
8475208,2025020165,26,28,0,1.5,,,
8475208,2025020165,26,28,0,2.5,,,
8475218,2025020162,22,68,1,0.5,,,
8475218,2025020162,22,68,1,1.5,,,
8475218,2025020162,22,68,1,2.5,,,
8475220,2025020157,30,52,1,0.5,,,
8475220,2025020157,30,52,1,1.5,,,
8475220,2025020157,30,52,1,2.5,,,
8475231,2025020154,2,6,0,0.5,,,
8475231,2025020154,2,6,0,1.5,,,
8475231,2025020154,2,6,0,2.5,,,
8475235,2025020150,4,5,1,0.5,,,
8475235,2025020150,4,5,1,1.5,,,
8475235,2025020150,4,5,1,2.5,,,
8475279,2025020158,17,19,0,0.5,,,
8475279,2025020158,17,19,0,1.5,,,
8475279,2025020158,17,19,0,2.5,,,
8475287,2025020156,18,14,1,0.5,,,
8475287,2025020156,18,14,1,1.5,,,
8475287,2025020156,18,14,1,2.5,,,
8475311,2025020165,26,28,0,0.5,,,
8475311,2025020165,26,28,0,1.5,,,
8475311,2025020165,26,28,0,2.5,,,
8475314,2025020154,2,6,0,0.5,,,
8475314,2025020154,2,6,0,1.5,,,
8475314,2025020154,2,6,0,2.5,,,
8475324,2025020160,9,16,0,0.5,,,
8475324,2025020160,9,16,0,1.5,,,
8475324,2025020160,9,16,0,2.5,,,
8475343,2025020159,15,25,0,0.5,,,
8475343,2025020159,15,25,0,1.5,,,
8475343,2025020159,15,25,0,2.5,,,
8475455,2025020161,1,21,0,0.5,,,
8475455,2025020161,1,21,0,1.5,,,
8475455,2025020161,1,21,0,2.5,,,
8475660,2025020158,17,19,0,0.5,,,
8475660,2025020158,17,19,0,1.5,,,
8475660,2025020158,17,19,0,2.5,,,
8475683,2025020153,13,24,1,0.5,,,
8475683,2025020153,13,24,1,1.5,,,
8475683,2025020153,13,24,1,2.5,,,
8475714,2025020151,10,20,1,0.5,,,
8475714,2025020151,10,20,1,1.5,,,
8475714,2025020151,10,20,1,2.5,,,
8475717,2025020162,22,68,1,0.5,,,
8475717,2025020162,22,68,1,1.5,,,
8475717,2025020162,22,68,1,2.5,,,
8475722,2025020152,7,29,1,0.5,,,
8475722,2025020152,7,29,1,1.5,,,
8475722,2025020152,7,29,1,2.5,,,
8475726,2025020165,28,26,1,0.5,,,
8475726,2025020165,28,26,1,1.5,,,
8475726,2025020165,28,26,1,2.5,,,
8475745,2025020152,29,7,0,0.5,,,
8475745,2025020152,29,7,0,1.5,,,
8475745,2025020152,29,7,0,2.5,,,
8475752,2025020157,30,52,1,0.5,,,
8475752,2025020157,30,52,1,1.5,,,
8475752,2025020157,30,52,1,2.5,,,
8475753,2025020158,19,17,1,0.5,,,
8475753,2025020158,19,17,1,1.5,,,
8475753,2025020158,19,17,1,2.5,,,
8475754,2025020161,21,1,1,0.5,,,
8475754,2025020161,21,1,1,1.5,,,
8475754,2025020161,21,1,1,2.5,,,
8475755,2025020159,25,15,1,0.5,,,
8475755,2025020159,25,15,1,1.5,,,
8475755,2025020159,25,15,1,2.5,,,
8475760,2025020158,19,17,1,0.5,,,
8475760,2025020158,19,17,1,1.5,,,
8475760,2025020158,19,17,1,2.5,,,
8475763,2025020150,5,4,0,0.5,,,
8475763,2025020150,5,4,0,1.5,,,
8475763,2025020150,5,4,0,2.5,,,
8475764,2025020158,19,17,1,0.5,,,
8475764,2025020158,19,17,1,1.5,,,
8475764,2025020158,19,17,1,2.5,,,
8475765,2025020157,30,52,1,0.5,,,
8475765,2025020157,30,52,1,1.5,,,
8475765,2025020157,30,52,1,2.5,,,
8475768,2025020164,55,8,1,0.5,,,
8475768,2025020164,55,8,1,1.5,,,
8475768,2025020164,55,8,1,2.5,,,
8475784,2025020165,28,26,1,0.5,,,
8475784,2025020165,28,26,1,1.5,,,
8475784,2025020165,28,26,1,2.5,,,
8475786,2025020162,22,68,1,0.5,,,
8475786,2025020162,22,68,1,1.5,,,
8475786,2025020162,22,68,1,2.5,,,
8475791,2025020155,12,54,1,0.5,,,
8475791,2025020155,12,54,1,1.5,,,
8475791,2025020155,12,54,1,2.5,,,
8475794,2025020159,25,15,1,0.5,,,
8475794,2025020159,25,15,1,1.5,,,
8475794,2025020159,25,15,1,2.5,,,
8475798,2025020153,24,13,0,0.5,,,
8475798,2025020153,24,13,0,1.5,,,
8475798,2025020153,24,13,0,2.5,,,
8475799,2025020157,52,30,0,0.5,,,
8475799,2025020157,52,30,0,1.5,,,
8475799,2025020157,52,30,0,2.5,,,
8475809,2025020161,21,1,1,0.5,,,
8475809,2025020161,21,1,1,1.5,,,
8475809,2025020161,21,1,1,2.5,,,
8475810,2025020150,5,4,0,0.5,,,
8475810,2025020150,5,4,0,1.5,,,
8475810,2025020150,5,4,0,2.5,,,
8475831,2025020164,55,8,1,0.5,,,
8475831,2025020164,55,8,1,1.5,,,
8475831,2025020164,55,8,1,2.5,,,
8475842,2025020163,3,23,0,0.5,,,
8475842,2025020163,3,23,0,1.5,,,
8475842,2025020163,3,23,0,2.5,,,
8475848,2025020164,8,55,0,0.5,,,
8475848,2025020164,8,55,0,1.5,,,
8475848,2025020164,8,55,0,2.5,,,
8475852,2025020153,24,13,0,0.5,,,
8475852,2025020153,24,13,0,1.5,,,
8475852,2025020153,24,13,0,2.5,,,
8475883,2025020155,12,54,1,0.5,,,
8475883,2025020155,12,54,1,1.5,,,
8475883,2025020155,12,54,1,2.5,,,
8475906,2025020165,28,26,1,0.5,,,
8475906,2025020165,28,26,1,1.5,,,
8475906,2025020165,28,26,1,2.5,,,
8475913,2025020155,54,12,0,0.5,,,
8475913,2025020155,54,12,0,1.5,,,
8475913,2025020155,54,12,0,2.5,,,
8476278,2025020159,25,15,1,0.5,,,
8476278,2025020159,25,15,1,1.5,,,
8476278,2025020159,25,15,1,2.5,,,
8476292,2025020161,1,21,0,0.5,,,
8476292,2025020161,1,21,0,1.5,,,
8476292,2025020161,1,21,0,2.5,,,
8476312,2025020161,21,1,1,0.5,,,
8476312,2025020161,21,1,1,1.5,,,
8476312,2025020161,21,1,1,2.5,,,
8476331,2025020157,52,30,0,0.5,,,
8476331,2025020157,52,30,0,1.5,,,
8476331,2025020157,52,30,0,2.5,,,
8476341,2025020165,26,28,0,0.5,,,
8476341,2025020165,26,28,0,1.5,,,
8476341,2025020165,26,28,0,2.5,,,
8476372,2025020150,4,5,1,0.5,,,
8476372,2025020150,4,5,1,1.5,,,
8476372,2025020150,4,5,1,2.5,,,
8476374,2025020154,6,2,1,0.5,,,
8476374,2025020154,6,2,1,1.5,,,
8476374,2025020154,6,2,1,2.5,,,
8476389,2025020163,3,23,0,0.5,,,
8476389,2025020163,3,23,0,1.5,,,
8476389,2025020163,3,23,0,2.5,,,
8476393,2025020160,9,16,0,0.5,,,
8476393,2025020160,9,16,0,1.5,,,
8476393,2025020160,9,16,0,2.5,,,
8476399,2025020151,20,10,0,0.5,,,
8476399,2025020151,20,10,0,1.5,,,
8476399,2025020151,20,10,0,2.5,,,
8476412,2025020158,19,17,1,0.5,,,
8476412,2025020158,19,17,1,1.5,,,
8476412,2025020158,19,17,1,2.5,,,
8476419,2025020154,2,6,0,0.5,,,
8476419,2025020154,2,6,0,1.5,,,
8476419,2025020154,2,6,0,2.5,,,
8476432,2025020152,29,7,0,0.5,,,
8476432,2025020152,29,7,0,1.5,,,
8476432,2025020152,29,7,0,2.5,,,
8476434,2025020158,17,19,0,0.5,,,
8476434,2025020158,17,19,0,1.5,,,
8476434,2025020158,17,19,0,2.5,,,
8476438,2025020155,54,12,0,0.5,,,
8476438,2025020155,54,12,0,1.5,,,
8476438,2025020155,54,12,0,2.5,,,
8476441,2025020165,26,28,0,0.5,,,
8476441,2025020165,26,28,0,1.5,,,
8476441,2025020165,26,28,0,2.5,,,
8476448,2025020155,54,12,0,0.5,,,
8476448,2025020155,54,12,0,1.5,,,
8476448,2025020155,54,12,0,2.5,,,
8476453,2025020156,14,18,0,0.5,,,
8476453,2025020156,14,18,0,1.5,,,
8476453,2025020156,14,18,0,2.5,,,
8476454,2025020162,22,68,1,0.5,,,
8476454,2025020162,22,68,1,1.5,,,
8476454,2025020162,22,68,1,2.5,,,
8476455,2025020161,21,1,1,0.5,,,
8476455,2025020161,21,1,1,1.5,,,
8476455,2025020161,21,1,1,2.5,,,
8476456,2025020151,20,10,0,0.5,,,
8476456,2025020151,20,10,0,1.5,,,
8476456,2025020151,20,10,0,2.5,,,
8476458,2025020153,24,13,0,0.5,,,
8476458,2025020153,24,13,0,1.5,,,
8476458,2025020153,24,13,0,2.5,,,
8476459,2025020163,3,23,0,0.5,,,
8476459,2025020163,3,23,0,1.5,,,
8476459,2025020163,3,23,0,2.5,,,
8476460,2025020157,52,30,0,0.5,,,
8476460,2025020157,52,30,0,1.5,,,
8476460,2025020157,52,30,0,2.5,,,
8476461,2025020150,4,5,1,0.5,,,
8476461,2025020150,4,5,1,1.5,,,
8476461,2025020150,4,5,1,2.5,,,
8476462,2025020161,1,21,0,0.5,,,
8476462,2025020161,1,21,0,1.5,,,
8476462,2025020161,1,21,0,2.5,,,
8476463,2025020157,30,52,1,0.5,,,
8476463,2025020157,30,52,1,1.5,,,
8476463,2025020157,30,52,1,2.5,,,
8476468,2025020163,3,23,0,0.5,,,
8476468,2025020163,3,23,0,1.5,,,
8476468,2025020163,3,23,0,2.5,,,
8476469,2025020165,26,28,0,0.5,,,
8476469,2025020165,26,28,0,1.5,,,
8476469,2025020165,26,28,0,2.5,,,
8476473,2025020160,16,9,1,0.5,,,
8476473,2025020160,16,9,1,1.5,,,
8476473,2025020160,16,9,1,2.5,,,
8476474,2025020161,1,21,0,0.5,,,
8476474,2025020161,1,21,0,1.5,,,
8476474,2025020161,1,21,0,2.5,,,
8476479,2025020165,26,28,0,0.5,,,
8476479,2025020165,26,28,0,1.5,,,
8476479,2025020165,26,28,0,2.5,,,
8476480,2025020157,52,30,0,0.5,,,
8476480,2025020157,52,30,0,1.5,,,
8476480,2025020157,52,30,0,2.5,,,
8476483,2025020150,5,4,0,0.5,,,
8476483,2025020150,5,4,0,1.5,,,
8476483,2025020150,5,4,0,2.5,,,
8476539,2025020156,18,14,1,0.5,,,
8476539,2025020156,18,14,1,1.5,,,
8476539,2025020156,18,14,1,2.5,,,
8476624,2025020165,28,26,1,0.5,,,
8476624,2025020165,28,26,1,1.5,,,
8476624,2025020165,28,26,1,2.5,,,
8476822,2025020161,1,21,0,0.5,,,
8476822,2025020161,1,21,0,1.5,,,
8476822,2025020161,1,21,0,2.5,,,
8476826,2025020156,14,18,0,0.5,,,
8476826,2025020156,14,18,0,1.5,,,
8476826,2025020156,14,18,0,2.5,,,
8476853,2025020151,10,20,1,0.5,,,
8476853,2025020151,10,20,1,1.5,,,
8476853,2025020151,10,20,1,2.5,,,
8476854,2025020154,6,2,1,0.5,,,
8476854,2025020154,6,2,1,1.5,,,
8476854,2025020154,6,2,1,2.5,,,
8476856,2025020150,5,4,0,0.5,,,
8476856,2025020150,5,4,0,1.5,,,
8476856,2025020150,5,4,0,2.5,,,
8476869,2025020156,18,14,1,0.5,,,
8476869,2025020156,18,14,1,1.5,,,
8476869,2025020156,18,14,1,2.5,,,
8476871,2025020157,52,30,0,0.5,,,
8476871,2025020157,52,30,0,1.5,,,
8476871,2025020157,52,30,0,2.5,,,
8476872,2025020151,10,20,1,0.5,,,
8476872,2025020151,10,20,1,1.5,,,
8476872,2025020151,10,20,1,2.5,,,
8476873,2025020155,12,54,1,0.5,,,
8476873,2025020155,12,54,1,1.5,,,
8476873,2025020155,12,54,1,2.5,,,
8476874,2025020162,68,22,0,0.5,,,
8476874,2025020162,68,22,0,1.5,,,
8476874,2025020162,68,22,0,2.5,,,
8476875,2025020164,8,55,0,0.5,,,
8476875,2025020164,8,55,0,1.5,,,
8476875,2025020164,8,55,0,2.5,,,
8476878,2025020156,14,18,0,0.5,,,
8476878,2025020156,14,18,0,1.5,,,
8476878,2025020156,14,18,0,2.5,,,
8476879,2025020165,26,28,0,0.5,,,
8476879,2025020165,26,28,0,1.5,,,
8476879,2025020165,26,28,0,2.5,,,
8476880,2025020159,15,25,0,0.5,,,
8476880,2025020159,15,25,0,1.5,,,
8476880,2025020159,15,25,0,2.5,,,
8476881,2025020155,54,12,0,0.5,,,
8476881,2025020155,54,12,0,1.5,,,
8476881,2025020155,54,12,0,2.5,,,
8476882,2025020160,16,9,1,0.5,,,
8476882,2025020160,16,9,1,1.5,,,
8476882,2025020160,16,9,1,2.5,,,
8476883,2025020156,14,18,0,0.5,,,
8476883,2025020156,14,18,0,1.5,,,
8476883,2025020156,14,18,0,2.5,,,
8476885,2025020153,24,13,0,0.5,,,
8476885,2025020153,24,13,0,1.5,,,
8476885,2025020153,24,13,0,2.5,,,
8476887,2025020156,18,14,1,0.5,,,
8476887,2025020156,18,14,1,1.5,,,
8476887,2025020156,18,14,1,2.5,,,
8476889,2025020159,25,15,1,0.5,,,
8476889,2025020159,25,15,1,1.5,,,
8476889,2025020159,25,15,1,2.5,,,
8476892,2025020158,19,17,1,0.5,,,
8476892,2025020158,19,17,1,1.5,,,
8476892,2025020158,19,17,1,2.5,,,
8476897,2025020158,19,17,1,0.5,,,
8476897,2025020158,19,17,1,1.5,,,
8476897,2025020158,19,17,1,2.5,,,
8476899,2025020164,55,8,1,0.5,,,
8476899,2025020164,55,8,1,1.5,,,
8476899,2025020164,55,8,1,2.5,,,
8476902,2025020159,25,15,1,0.5,,,
8476902,2025020159,25,15,1,1.5,,,
8476902,2025020159,25,15,1,2.5,,,
8476905,2025020164,55,8,1,0.5,,,
8476905,2025020164,55,8,1,1.5,,,
8476905,2025020164,55,8,1,2.5,,,
8476906,2025020155,12,54,1,0.5,,,
8476906,2025020155,12,54,1,1.5,,,
8476906,2025020155,12,54,1,2.5,,,
8476914,2025020154,6,2,1,0.5,,,
8476914,2025020154,6,2,1,1.5,,,
8476914,2025020154,6,2,1,2.5,,,
8476921,2025020155,12,54,1,0.5,,,
8476921,2025020155,12,54,1,1.5,,,
8476921,2025020155,12,54,1,2.5,,,
8476923,2025020152,29,7,0,0.5,,,
8476923,2025020152,29,7,0,1.5,,,
8476923,2025020152,29,7,0,2.5,,,
8476925,2025020155,54,12,0,0.5,,,
8476925,2025020155,54,12,0,1.5,,,
8476925,2025020155,54,12,0,2.5,,,
8476927,2025020163,23,3,1,0.5,,,
8476927,2025020163,23,3,1,1.5,,,
8476927,2025020163,23,3,1,2.5,,,
8476931,2025020151,10,20,1,0.5,,,
8476931,2025020151,10,20,1,1.5,,,
8476931,2025020151,10,20,1,2.5,,,
8476932,2025020151,10,20,1,0.5,,,
8476932,2025020151,10,20,1,1.5,,,
8476932,2025020151,10,20,1,2.5,,,
8476945,2025020157,52,30,0,0.5,,,
8476945,2025020157,52,30,0,1.5,,,
8476945,2025020157,52,30,0,2.5,,,
8476967,2025020162,22,68,1,0.5,,,
8476967,2025020162,22,68,1,1.5,,,
8476967,2025020162,22,68,1,2.5,,,
8476981,2025020164,8,55,0,0.5,,,
8476981,2025020164,8,55,0,1.5,,,
8476981,2025020164,8,55,0,2.5,,,
8476994,2025020157,30,52,1,0.5,,,
8476994,2025020157,30,52,1,1.5,,,
8476994,2025020157,30,52,1,2.5,,,
8476999,2025020160,9,16,0,0.5,,,
8476999,2025020160,9,16,0,1.5,,,
8476999,2025020160,9,16,0,2.5,,,
8477015,2025020161,1,21,0,0.5,,,
8477015,2025020161,1,21,0,1.5,,,
8477015,2025020161,1,21,0,2.5,,,
8477018,2025020155,54,12,0,0.5,,,
8477018,2025020155,54,12,0,1.5,,,
8477018,2025020155,54,12,0,2.5,,,
8477021,2025020162,68,22,0,0.5,,,
8477021,2025020162,68,22,0,1.5,,,
8477021,2025020162,68,22,0,2.5,,,
8477070,2025020162,68,22,0,0.5,,,
8477070,2025020162,68,22,0,1.5,,,
8477070,2025020162,68,22,0,2.5,,,
8477073,2025020160,9,16,0,0.5,,,
8477073,2025020160,9,16,0,1.5,,,
8477073,2025020160,9,16,0,2.5,,,
8477220,2025020162,68,22,0,0.5,,,
8477220,2025020162,68,22,0,1.5,,,
8477220,2025020162,68,22,0,2.5,,,
8477346,2025020151,20,10,0,0.5,,,
8477346,2025020151,20,10,0,1.5,,,
8477346,2025020151,20,10,0,2.5,,,
8477369,2025020163,3,23,0,0.5,,,
8477369,2025020163,3,23,0,1.5,,,
8477369,2025020163,3,23,0,2.5,,,
8477380,2025020163,3,23,0,0.5,,,
8477380,2025020163,3,23,0,1.5,,,
8477380,2025020163,3,23,0,2.5,,,
8477401,2025020164,55,8,1,0.5,,,
8477401,2025020164,55,8,1,1.5,,,
8477401,2025020164,55,8,1,2.5,,,
8477402,2025020158,19,17,1,0.5,,,
8477402,2025020158,19,17,1,1.5,,,
8477402,2025020158,19,17,1,2.5,,,
8477404,2025020156,14,18,0,0.5,,,
8477404,2025020156,14,18,0,1.5,,,
8477404,2025020156,14,18,0,2.5,,,
8477405,2025020154,2,6,0,0.5,,,
8477405,2025020154,2,6,0,1.5,,,
8477405,2025020154,2,6,0,2.5,,,
8477406,2025020162,22,68,1,0.5,,,
8477406,2025020162,22,68,1,1.5,,,
8477406,2025020162,22,68,1,2.5,,,
8477407,2025020154,2,6,0,0.5,,,
8477407,2025020154,2,6,0,1.5,,,
8477407,2025020154,2,6,0,2.5,,,
8477409,2025020153,13,24,1,0.5,,,
8477409,2025020153,13,24,1,1.5,,,
8477409,2025020153,13,24,1,2.5,,,
8477416,2025020156,14,18,0,0.5,,,
8477416,2025020156,14,18,0,1.5,,,
8477416,2025020156,14,18,0,2.5,,,
8477419,2025020152,7,29,1,0.5,,,
8477419,2025020152,7,29,1,1.5,,,
8477419,2025020152,7,29,1,2.5,,,
8477424,2025020156,18,14,1,0.5,,,
8477424,2025020156,18,14,1,1.5,,,
8477424,2025020156,18,14,1,2.5,,,
8477425,2025020152,29,7,0,0.5,,,
8477425,2025020152,29,7,0,1.5,,,
8477425,2025020152,29,7,0,2.5,,,
8477426,2025020156,14,18,0,0.5,,,
8477426,2025020156,14,18,0,1.5,,,
8477426,2025020156,14,18,0,2.5,,,
8477429,2025020158,17,19,0,0.5,,,
8477429,2025020158,17,19,0,1.5,,,
8477429,2025020158,17,19,0,2.5,,,
8477444,2025020160,16,9,1,0.5,,,
8477444,2025020160,16,9,1,1.5,,,
8477444,2025020160,16,9,1,2.5,,,
8477446,2025020156,18,14,1,0.5,,,
8477446,2025020156,18,14,1,1.5,,,
8477446,2025020156,18,14,1,2.5,,,
8477447,2025020155,54,12,0,0.5,,,
8477447,2025020155,54,12,0,1.5,,,
8477447,2025020155,54,12,0,2.5,,,
8477450,2025020160,16,9,1,0.5,,,
8477450,2025020160,16,9,1,1.5,,,
8477450,2025020160,16,9,1,2.5,,,
8477451,2025020157,30,52,1,0.5,,,
8477451,2025020157,30,52,1,1.5,,,
8477451,2025020157,30,52,1,2.5,,,
8477454,2025020159,25,15,1,0.5,,,
8477454,2025020159,25,15,1,1.5,,,
8477454,2025020159,25,15,1,2.5,,,
8477456,2025020158,17,19,0,0.5,,,
8477456,2025020158,17,19,0,1.5,,,
8477456,2025020158,17,19,0,2.5,,,
8477465,2025020150,5,4,0,0.5,,,
8477465,2025020150,5,4,0,1.5,,,
8477465,2025020150,5,4,0,2.5,,,
8477476,2025020161,21,1,1,0.5,,,
8477476,2025020161,21,1,1,1.5,,,
8477476,2025020161,21,1,1,2.5,,,
8477478,2025020155,12,54,1,0.5,,,
8477478,2025020155,12,54,1,1.5,,,
8477478,2025020155,12,54,1,2.5,,,
8477479,2025020160,16,9,1,0.5,,,
8477479,2025020160,16,9,1,1.5,,,
8477479,2025020160,16,9,1,2.5,,,
8477480,2025020157,52,30,0,0.5,,,
8477480,2025020157,52,30,0,1.5,,,
8477480,2025020157,52,30,0,2.5,,,
8477492,2025020161,21,1,1,0.5,,,
8477492,2025020161,21,1,1,1.5,,,
8477492,2025020161,21,1,1,2.5,,,
8477493,2025020153,13,24,1,0.5,,,
8477493,2025020153,13,24,1,1.5,,,
8477493,2025020153,13,24,1,2.5,,,
8477494,2025020154,2,6,0,0.5,,,
8477494,2025020154,2,6,0,1.5,,,
8477494,2025020154,2,6,0,2.5,,,
8477495,2025020153,13,24,1,0.5,,,
8477495,2025020153,13,24,1,1.5,,,
8477495,2025020153,13,24,1,2.5,,,
8477496,2025020154,6,2,1,0.5,,,
8477496,2025020154,6,2,1,1.5,,,
8477496,2025020154,6,2,1,2.5,,,
8477497,2025020152,29,7,0,0.5,,,
8477497,2025020152,29,7,0,1.5,,,
8477497,2025020152,29,7,0,2.5,,,
8477498,2025020162,22,68,1,0.5,,,
8477498,2025020162,22,68,1,1.5,,,
8477498,2025020162,22,68,1,2.5,,,
8477500,2025020154,2,6,0,0.5,,,
8477500,2025020154,2,6,0,1.5,,,
8477500,2025020154,2,6,0,2.5,,,
8477501,2025020161,21,1,1,0.5,,,
8477501,2025020161,21,1,1,1.5,,,
8477501,2025020161,21,1,1,2.5,,,
8477503,2025020151,10,20,1,0.5,,,
8477503,2025020151,10,20,1,1.5,,,
8477503,2025020151,10,20,1,2.5,,,
8477504,2025020157,52,30,0,0.5,,,
8477504,2025020157,52,30,0,1.5,,,
8477504,2025020157,52,30,0,2.5,,,
8477505,2025020165,28,26,1,0.5,,,
8477505,2025020165,28,26,1,1.5,,,
8477505,2025020165,28,26,1,2.5,,,
8477507,2025020154,6,2,1,0.5,,,
8477507,2025020154,6,2,1,1.5,,,
8477507,2025020154,6,2,1,2.5,,,
8477508,2025020162,22,68,1,0.5,,,
8477508,2025020162,22,68,1,1.5,,,
8477508,2025020162,22,68,1,2.5,,,
8477511,2025020150,5,4,0,0.5,,,
8477511,2025020150,5,4,0,1.5,,,
8477511,2025020150,5,4,0,2.5,,,
8477527,2025020153,24,13,0,0.5,,,
8477527,2025020153,24,13,0,1.5,,,
8477527,2025020153,24,13,0,2.5,,,
8477573,2025020158,19,17,1,0.5,,,
8477573,2025020158,19,17,1,1.5,,,
8477573,2025020158,19,17,1,2.5,,,
8477810,2025020151,20,10,0,0.5,,,
8477810,2025020151,20,10,0,1.5,,,
8477810,2025020151,20,10,0,2.5,,,
8477839,2025020163,3,23,0,0.5,,,
8477839,2025020163,3,23,0,1.5,,,
8477839,2025020163,3,23,0,2.5,,,
8477845,2025020159,15,25,0,0.5,,,
8477845,2025020159,15,25,0,1.5,,,
8477845,2025020159,15,25,0,2.5,,,
8477903,2025020150,4,5,1,0.5,,,
8477903,2025020150,4,5,1,1.5,,,
8477903,2025020150,4,5,1,2.5,,,
8477919,2025020164,55,8,1,0.5,,,
8477919,2025020164,55,8,1,1.5,,,
8477919,2025020164,55,8,1,2.5,,,
8477932,2025020153,13,24,1,0.5,,,
8477932,2025020153,13,24,1,1.5,,,
8477932,2025020153,13,24,1,2.5,,,
8477933,2025020153,13,24,1,0.5,,,
8477933,2025020153,13,24,1,1.5,,,
8477933,2025020153,13,24,1,2.5,,,
8477934,2025020162,22,68,1,0.5,,,
8477934,2025020162,22,68,1,1.5,,,
8477934,2025020162,22,68,1,2.5,,,
8477935,2025020153,13,24,1,0.5,,,
8477935,2025020153,13,24,1,1.5,,,
8477935,2025020153,13,24,1,2.5,,,
8477938,2025020157,52,30,0,0.5,,,
8477938,2025020157,52,30,0,1.5,,,
8477938,2025020157,52,30,0,2.5,,,
8477939,2025020151,10,20,1,0.5,,,
8477939,2025020151,10,20,1,1.5,,,
8477939,2025020151,10,20,1,2.5,,,
8477940,2025020155,12,54,1,0.5,,,
8477940,2025020155,12,54,1,1.5,,,
8477940,2025020155,12,54,1,2.5,,,
8477942,2025020165,26,28,0,0.5,,,
8477942,2025020165,26,28,0,1.5,,,
8477942,2025020165,26,28,0,2.5,,,
8477946,2025020158,17,19,0,0.5,,,
8477946,2025020158,17,19,0,1.5,,,
8477946,2025020158,17,19,0,2.5,,,
8477947,2025020159,15,25,0,0.5,,,
8477947,2025020159,15,25,0,1.5,,,
8477947,2025020159,15,25,0,2.5,,,
8477948,2025020150,4,5,1,0.5,,,
8477948,2025020150,4,5,1,1.5,,,
8477948,2025020150,4,5,1,2.5,,,
8477949,2025020152,7,29,1,0.5,,,
8477949,2025020152,7,29,1,1.5,,,
8477949,2025020152,7,29,1,2.5,,,
8477951,2025020162,68,22,0,0.5,,,
8477951,2025020162,68,22,0,1.5,,,
8477951,2025020162,68,22,0,2.5,,,
8477953,2025020162,22,68,1,0.5,,,
8477953,2025020162,22,68,1,1.5,,,
8477953,2025020162,22,68,1,2.5,,,
8477955,2025020164,55,8,1,0.5,,,
8477955,2025020164,55,8,1,1.5,,,
8477955,2025020164,55,8,1,2.5,,,
8477956,2025020154,6,2,1,0.5,,,
8477956,2025020154,6,2,1,1.5,,,
8477956,2025020154,6,2,1,2.5,,,
8477960,2025020165,26,28,0,0.5,,,
8477960,2025020165,26,28,0,1.5,,,
8477960,2025020165,26,28,0,2.5,,,
8477964,2025020155,54,12,0,0.5,,,
8477964,2025020155,54,12,0,1.5,,,
8477964,2025020155,54,12,0,2.5,,,
8477967,2025020163,23,3,1,0.5,,,
8477967,2025020163,23,3,1,1.5,,,
8477967,2025020163,23,3,1,2.5,,,
8477968,2025020165,28,26,1,0.5,,,
8477968,2025020165,28,26,1,1.5,,,
8477968,2025020165,28,26,1,2.5,,,
8477969,2025020163,23,3,1,0.5,,,
8477969,2025020163,23,3,1,1.5,,,
8477969,2025020163,23,3,1,2.5,,,
8477970,2025020162,68,22,0,0.5,,,
8477970,2025020162,68,22,0,1.5,,,
8477970,2025020162,68,22,0,2.5,,,
8477987,2025020160,16,9,1,0.5,,,
8477987,2025020160,16,9,1,1.5,,,
8477987,2025020160,16,9,1,2.5,,,
8477989,2025020150,4,5,1,0.5,,,
8477989,2025020150,4,5,1,1.5,,,
8477989,2025020150,4,5,1,2.5,,,
8477992,2025020156,14,18,0,0.5,,,
8477992,2025020156,14,18,0,1.5,,,
8477992,2025020156,14,18,0,2.5,,,
8477993,2025020151,20,10,0,0.5,,,
8477993,2025020151,20,10,0,1.5,,,
8477993,2025020151,20,10,0,2.5,,,
8477996,2025020161,1,21,0,0.5,,,
8477996,2025020161,1,21,0,1.5,,,
8477996,2025020161,1,21,0,2.5,,,
8477998,2025020165,26,28,0,0.5,,,
8477998,2025020165,26,28,0,1.5,,,
8477998,2025020165,26,28,0,2.5,,,
8478007,2025020152,29,7,0,0.5,,,
8478007,2025020152,29,7,0,1.5,,,
8478007,2025020152,29,7,0,2.5,,,
8478009,2025020154,2,6,0,0.5,,,
8478009,2025020154,2,6,0,1.5,,,
8478009,2025020154,2,6,0,2.5,,,
8478010,2025020156,14,18,0,0.5,,,
8478010,2025020156,14,18,0,1.5,,,
8478010,2025020156,14,18,0,2.5,,,
8478013,2025020162,22,68,1,0.5,,,
8478013,2025020162,22,68,1,1.5,,,
8478013,2025020162,22,68,1,2.5,,,
8478020,2025020160,9,16,0,0.5,,,
8478020,2025020160,9,16,0,1.5,,,
8478020,2025020160,9,16,0,2.5,,,
8478024,2025020153,24,13,0,0.5,,,
8478024,2025020153,24,13,0,1.5,,,
8478024,2025020153,24,13,0,2.5,,,
8478038,2025020161,21,1,1,0.5,,,
8478038,2025020161,21,1,1,1.5,,,
8478038,2025020161,21,1,1,2.5,,,
8478042,2025020154,6,2,1,0.5,,,
8478042,2025020154,6,2,1,1.5,,,
8478042,2025020154,6,2,1,2.5,,,
8478043,2025020160,16,9,1,0.5,,,
8478043,2025020160,16,9,1,1.5,,,
8478043,2025020160,16,9,1,2.5,,,
8478047,2025020156,18,14,1,0.5,,,
8478047,2025020156,18,14,1,1.5,,,
8478047,2025020156,18,14,1,2.5,,,
8478048,2025020163,3,23,0,0.5,,,
8478048,2025020163,3,23,0,1.5,,,
8478048,2025020163,3,23,0,2.5,,,
8478055,2025020153,13,24,1,0.5,,,
8478055,2025020153,13,24,1,1.5,,,
8478055,2025020153,13,24,1,2.5,,,
8478057,2025020151,10,20,1,0.5,,,
8478057,2025020151,10,20,1,1.5,,,
8478057,2025020151,10,20,1,2.5,,,
8478104,2025020151,10,20,1,0.5,,,
8478104,2025020151,10,20,1,1.5,,,
8478104,2025020151,10,20,1,2.5,,,
8478109,2025020161,21,1,1,0.5,,,
8478109,2025020161,21,1,1,1.5,,,
8478109,2025020161,21,1,1,2.5,,,
8478133,2025020164,8,55,0,0.5,,,
8478133,2025020164,8,55,0,1.5,,,
8478133,2025020164,8,55,0,2.5,,,
8478136,2025020157,30,52,1,0.5,,,
8478136,2025020157,30,52,1,1.5,,,
8478136,2025020157,30,52,1,2.5,,,
8478233,2025020162,22,68,1,0.5,,,
8478233,2025020162,22,68,1,1.5,,,
8478233,2025020162,22,68,1,2.5,,,
8478366,2025020153,24,13,0,0.5,,,
8478366,2025020153,24,13,0,1.5,,,
8478366,2025020153,24,13,0,2.5,,,
8478397,2025020151,20,10,0,0.5,,,
8478397,2025020151,20,10,0,1.5,,,
8478397,2025020151,20,10,0,2.5,,,
8478398,2025020157,52,30,0,0.5,,,
8478398,2025020157,52,30,0,1.5,,,
8478398,2025020157,52,30,0,2.5,,,
8478399,2025020161,1,21,0,0.5,,,
8478399,2025020161,1,21,0,1.5,,,
8478399,2025020161,1,21,0,2.5,,,
8478401,2025020154,6,2,1,0.5,,,
8478401,2025020154,6,2,1,1.5,,,
8478401,2025020154,6,2,1,2.5,,,
8478402,2025020162,22,68,1,0.5,,,
8478402,2025020162,22,68,1,1.5,,,
8478402,2025020162,22,68,1,2.5,,,
8478403,2025020155,54,12,0,0.5,,,
8478403,2025020155,54,12,0,1.5,,,
8478403,2025020155,54,12,0,2.5,,,
8478406,2025020161,21,1,1,0.5,,,
8478406,2025020161,21,1,1,1.5,,,
8478406,2025020161,21,1,1,2.5,,,
8478414,2025020161,1,21,0,0.5,,,
8478414,2025020161,1,21,0,1.5,,,
8478414,2025020161,1,21,0,2.5,,,
8478416,2025020156,14,18,0,0.5,,,
8478416,2025020156,14,18,0,1.5,,,
8478416,2025020156,14,18,0,2.5,,,
8478420,2025020159,25,15,1,0.5,,,
8478420,2025020159,25,15,1,1.5,,,
8478420,2025020159,25,15,1,2.5,,,
8478421,2025020153,13,24,1,0.5,,,
8478421,2025020153,13,24,1,1.5,,,
8478421,2025020153,13,24,1,2.5,,,
8478424,2025020153,24,13,0,0.5,,,
8478424,2025020153,24,13,0,1.5,,,
8478424,2025020153,24,13,0,2.5,,,
8478427,2025020155,12,54,1,0.5,,,
8478427,2025020155,12,54,1,1.5,,,
8478427,2025020155,12,54,1,2.5,,,
8478434,2025020155,54,12,0,0.5,,,
8478434,2025020155,54,12,0,1.5,,,
8478434,2025020155,54,12,0,2.5,,,
8478435,2025020150,4,5,1,0.5,,,
8478435,2025020150,4,5,1,1.5,,,
8478435,2025020150,4,5,1,2.5,,,
8478438,2025020150,5,4,0,0.5,,,
8478438,2025020150,5,4,0,1.5,,,
8478438,2025020150,5,4,0,2.5,,,
8478439,2025020150,4,5,1,0.5,,,
8478439,2025020150,4,5,1,1.5,,,
8478439,2025020150,4,5,1,2.5,,,
8478440,2025020159,15,25,0,0.5,,,
8478440,2025020159,15,25,0,1.5,,,
8478440,2025020159,15,25,0,2.5,,,
8478443,2025020151,10,20,1,0.5,,,
8478443,2025020151,10,20,1,1.5,,,
8478443,2025020151,10,20,1,2.5,,,
8478444,2025020163,23,3,1,0.5,,,
8478444,2025020163,23,3,1,1.5,,,
8478444,2025020163,23,3,1,2.5,,,
8478445,2025020154,2,6,0,0.5,,,
8478445,2025020154,2,6,0,1.5,,,
8478445,2025020154,2,6,0,2.5,,,
8478449,2025020159,25,15,1,0.5,,,
8478449,2025020159,25,15,1,1.5,,,
8478449,2025020159,25,15,1,2.5,,,
8478450,2025020150,5,4,0,0.5,,,
8478450,2025020150,5,4,0,1.5,,,
8478450,2025020150,5,4,0,2.5,,,
8478454,2025020150,4,5,1,0.5,,,
8478454,2025020150,4,5,1,1.5,,,
8478454,2025020150,4,5,1,2.5,,,
8478458,2025020162,22,68,1,0.5,,,
8478458,2025020162,22,68,1,1.5,,,
8478458,2025020162,22,68,1,2.5,,,
8478460,2025020152,29,7,0,0.5,,,
8478460,2025020152,29,7,0,1.5,,,
8478460,2025020152,29,7,0,2.5,,,
8478462,2025020151,10,20,1,0.5,,,
8478462,2025020151,10,20,1,1.5,,,
8478462,2025020151,10,20,1,2.5,,,
8478463,2025020159,15,25,0,0.5,,,
8478463,2025020159,15,25,0,1.5,,,
8478463,2025020159,15,25,0,2.5,,,
8478468,2025020155,54,12,0,0.5,,,
8478468,2025020155,54,12,0,1.5,,,
8478468,2025020155,54,12,0,2.5,,,
8478469,2025020160,9,16,0,0.5,,,
8478469,2025020160,9,16,0,1.5,,,
8478469,2025020160,9,16,0,2.5,,,
8478470,2025020164,8,55,0,0.5,,,
8478470,2025020164,8,55,0,1.5,,,
8478470,2025020164,8,55,0,2.5,,,
8478472,2025020158,19,17,1,0.5,,,
8478472,2025020158,19,17,1,1.5,,,
8478472,2025020158,19,17,1,2.5,,,
8478474,2025020162,68,22,0,0.5,,,
8478474,2025020162,68,22,0,1.5,,,
8478474,2025020162,68,22,0,2.5,,,
8478483,2025020155,54,12,0,0.5,,,
8478483,2025020155,54,12,0,1.5,,,
8478483,2025020155,54,12,0,2.5,,,
8478493,2025020157,30,52,1,0.5,,,
8478493,2025020157,30,52,1,1.5,,,
8478493,2025020157,30,52,1,2.5,,,
8478498,2025020163,23,3,1,0.5,,,
8478498,2025020163,23,3,1,1.5,,,
8478498,2025020163,23,3,1,2.5,,,
8478499,2025020155,54,12,0,0.5,,,
8478499,2025020155,54,12,0,1.5,,,
8478499,2025020155,54,12,0,2.5,,,
8478500,2025020152,29,7,0,0.5,,,
8478500,2025020152,29,7,0,1.5,,,
8478500,2025020152,29,7,0,2.5,,,
8478507,2025020162,68,22,0,0.5,,,
8478507,2025020162,68,22,0,1.5,,,
8478507,2025020162,68,22,0,2.5,,,
8478508,2025020157,30,52,1,0.5,,,
8478508,2025020157,30,52,1,1.5,,,
8478508,2025020157,30,52,1,2.5,,,
8478519,2025020156,14,18,0,0.5,,,
8478519,2025020156,14,18,0,1.5,,,
8478519,2025020156,14,18,0,2.5,,,
8478542,2025020153,13,24,1,0.5,,,
8478542,2025020153,13,24,1,1.5,,,
8478542,2025020153,13,24,1,2.5,,,
8478550,2025020163,3,23,0,0.5,,,
8478550,2025020163,3,23,0,1.5,,,
8478550,2025020163,3,23,0,2.5,,,
8478569,2025020150,5,4,0,0.5,,,
8478569,2025020150,5,4,0,1.5,,,
8478569,2025020150,5,4,0,2.5,,,
8478831,2025020162,68,22,0,0.5,,,
8478831,2025020162,68,22,0,1.5,,,
8478831,2025020162,68,22,0,2.5,,,
8478840,2025020163,3,23,0,0.5,,,
8478840,2025020163,3,23,0,1.5,,,
8478840,2025020163,3,23,0,2.5,,,
8478851,2025020164,8,55,0,0.5,,,
8478851,2025020164,8,55,0,1.5,,,
8478851,2025020164,8,55,0,2.5,,,
8478854,2025020150,5,4,0,0.5,,,
8478854,2025020150,5,4,0,1.5,,,
8478854,2025020150,5,4,0,2.5,,,
8478856,2025020163,23,3,1,0.5,,,
8478856,2025020163,23,3,1,1.5,,,
8478856,2025020163,23,3,1,2.5,,,
8478859,2025020153,13,24,1,0.5,,,
8478859,2025020153,13,24,1,1.5,,,
8478859,2025020153,13,24,1,2.5,,,
8478864,2025020157,30,52,1,0.5,,,
8478864,2025020157,30,52,1,1.5,,,
8478864,2025020157,30,52,1,2.5,,,
8478872,2025020162,68,22,0,0.5,,,
8478872,2025020162,68,22,0,1.5,,,
8478872,2025020162,68,22,0,2.5,,,
8478873,2025020153,24,13,0,0.5,,,
8478873,2025020153,24,13,0,1.5,,,
8478873,2025020153,24,13,0,2.5,,,
8478874,2025020165,28,26,1,0.5,,,
8478874,2025020165,28,26,1,1.5,,,
8478874,2025020165,28,26,1,2.5,,,
8478882,2025020163,3,23,0,0.5,,,
8478882,2025020163,3,23,0,1.5,,,
8478882,2025020163,3,23,0,2.5,,,
8478891,2025020158,17,19,0,0.5,,,
8478891,2025020158,17,19,0,1.5,,,
8478891,2025020158,17,19,0,2.5,,,
8478904,2025020151,10,20,1,0.5,,,
8478904,2025020151,10,20,1,1.5,,,
8478904,2025020151,10,20,1,2.5,,,
8478911,2025020159,15,25,0,0.5,,,
8478911,2025020159,15,25,0,1.5,,,
8478911,2025020159,15,25,0,2.5,,,
8478916,2025020164,55,8,1,0.5,,,
8478916,2025020164,55,8,1,1.5,,,
8478916,2025020164,55,8,1,2.5,,,
8478970,2025020155,12,54,1,0.5,,,
8478970,2025020155,12,54,1,1.5,,,
8478970,2025020155,12,54,1,2.5,,,
8478975,2025020164,55,8,1,0.5,,,
8478975,2025020164,55,8,1,1.5,,,
8478975,2025020164,55,8,1,2.5,,,
8479022,2025020150,4,5,1,0.5,,,
8479022,2025020150,4,5,1,1.5,,,
8479022,2025020150,4,5,1,2.5,,,
8479026,2025020151,10,20,1,0.5,,,
8479026,2025020151,10,20,1,1.5,,,
8479026,2025020151,10,20,1,2.5,,,
8479066,2025020151,20,10,0,0.5,,,
8479066,2025020151,20,10,0,1.5,,,
8479066,2025020151,20,10,0,2.5,,,
8479193,2025020159,25,15,1,0.5,,,
8479193,2025020159,25,15,1,1.5,,,
8479193,2025020159,25,15,1,2.5,,,
8479291,2025020162,68,22,0,0.5,,,
8479291,2025020162,68,22,0,1.5,,,
8479291,2025020162,68,22,0,2.5,,,
8479292,2025020159,15,25,0,0.5,,,
8479292,2025020159,15,25,0,1.5,,,
8479292,2025020159,15,25,0,2.5,,,
8479293,2025020162,68,22,0,0.5,,,
8479293,2025020162,68,22,0,1.5,,,
8479293,2025020162,68,22,0,2.5,,,
8479312,2025020152,7,29,1,0.5,,,
8479312,2025020152,7,29,1,1.5,,,
8479312,2025020152,7,29,1,2.5,,,
8479316,2025020153,13,24,1,0.5,,,
8479316,2025020153,13,24,1,1.5,,,
8479316,2025020153,13,24,1,2.5,,,
8479318,2025020151,10,20,1,0.5,,,
8479318,2025020151,10,20,1,1.5,,,
8479318,2025020151,10,20,1,2.5,,,
8479323,2025020163,3,23,0,0.5,,,
8479323,2025020163,3,23,0,1.5,,,
8479323,2025020163,3,23,0,2.5,,,
8479325,2025020154,6,2,1,0.5,,,
8479325,2025020154,6,2,1,1.5,,,
8479325,2025020154,6,2,1,2.5,,,
8479337,2025020158,17,19,0,0.5,,,
8479337,2025020158,17,19,0,1.5,,,
8479337,2025020158,17,19,0,2.5,,,
8479339,2025020164,8,55,0,0.5,,,
8479339,2025020164,8,55,0,1.5,,,
8479339,2025020164,8,55,0,2.5,,,
8479343,2025020162,68,22,0,0.5,,,
8479343,2025020162,68,22,0,1.5,,,
8479343,2025020162,68,22,0,2.5,,,
8479345,2025020159,15,25,0,0.5,,,
8479345,2025020159,15,25,0,1.5,,,
8479345,2025020159,15,25,0,2.5,,,
8479351,2025020159,25,15,1,0.5,,,
8479351,2025020159,25,15,1,1.5,,,
8479351,2025020159,25,15,1,2.5,,,
8479353,2025020155,54,12,0,0.5,,,
8479353,2025020155,54,12,0,1.5,,,
8479353,2025020155,54,12,0,2.5,,,
8479359,2025020152,7,29,1,0.5,,,
8479359,2025020152,7,29,1,1.5,,,
8479359,2025020152,7,29,1,2.5,,,
8479365,2025020162,22,68,1,0.5,,,
8479365,2025020162,22,68,1,1.5,,,
8479365,2025020162,22,68,1,2.5,,,
8479369,2025020154,6,2,1,0.5,,,
8479369,2025020154,6,2,1,1.5,,,
8479369,2025020154,6,2,1,2.5,,,
8479370,2025020156,18,14,1,0.5,,,
8479370,2025020156,18,14,1,1.5,,,
8479370,2025020156,18,14,1,2.5,,,
8479371,2025020152,29,7,0,0.5,,,
8479371,2025020152,29,7,0,1.5,,,
8479371,2025020152,29,7,0,2.5,,,
8479378,2025020157,52,30,0,0.5,,,
8479378,2025020157,52,30,0,1.5,,,
8479378,2025020157,52,30,0,2.5,,,
8479385,2025020158,19,17,1,0.5,,,
8479385,2025020158,19,17,1,1.5,,,
8479385,2025020158,19,17,1,2.5,,,
8479390,2025020163,3,23,0,0.5,,,
8479390,2025020163,3,23,0,1.5,,,
8479390,2025020163,3,23,0,2.5,,,
8479393,2025020153,13,24,1,0.5,,,
8479393,2025020153,13,24,1,1.5,,,
8479393,2025020153,13,24,1,2.5,,,
8479400,2025020159,15,25,0,0.5,,,
8479400,2025020159,15,25,0,1.5,,,
8479400,2025020159,15,25,0,2.5,,,
8479402,2025020151,20,10,0,0.5,,,
8479402,2025020151,20,10,0,1.5,,,
8479402,2025020151,20,10,0,2.5,,,
8479406,2025020157,30,52,1,0.5,,,
8479406,2025020157,30,52,1,1.5,,,
8479406,2025020157,30,52,1,2.5,,,
8479407,2025020161,1,21,0,0.5,,,
8479407,2025020161,1,21,0,1.5,,,
8479407,2025020161,1,21,0,2.5,,,
8479410,2025020162,68,22,0,0.5,,,
8479410,2025020162,68,22,0,1.5,,,
8479410,2025020162,68,22,0,2.5,,,
8479414,2025020159,25,15,1,0.5,,,
8479414,2025020159,25,15,1,1.5,,,
8479414,2025020159,25,15,1,2.5,,,
8479420,2025020152,7,29,1,0.5,,,
8479420,2025020152,7,29,1,1.5,,,
8479420,2025020152,7,29,1,2.5,,,
8479425,2025020163,23,3,1,0.5,,,
8479425,2025020163,23,3,1,1.5,,,
8479425,2025020163,23,3,1,2.5,,,
8479442,2025020162,22,68,1,0.5,,,
8479442,2025020162,22,68,1,1.5,,,
8479442,2025020162,22,68,1,2.5,,,
8479496,2025020154,2,6,0,0.5,,,
8479496,2025020154,2,6,0,1.5,,,
8479496,2025020154,2,6,0,2.5,,,
8479520,2025020159,15,25,0,0.5,,,
8479520,2025020159,15,25,0,1.5,,,
8479520,2025020159,15,25,0,2.5,,,
8479525,2025020161,21,1,1,0.5,,,
8479525,2025020161,21,1,1,1.5,,,
8479525,2025020161,21,1,1,2.5,,,
8479542,2025020156,14,18,0,0.5,,,
8479542,2025020156,14,18,0,1.5,,,
8479542,2025020156,14,18,0,2.5,,,
8479576,2025020165,28,26,1,0.5,,,
8479576,2025020165,28,26,1,1.5,,,
8479576,2025020165,28,26,1,2.5,,,
8479591,2025020154,6,2,1,0.5,,,
8479591,2025020154,6,2,1,1.5,,,
8479591,2025020154,6,2,1,2.5,,,
8479619,2025020162,68,22,0,0.5,,,
8479619,2025020162,68,22,0,1.5,,,
8479619,2025020162,68,22,0,2.5,,,
8479638,2025020150,5,4,0,0.5,,,
8479638,2025020150,5,4,0,1.5,,,
8479638,2025020150,5,4,0,2.5,,,
8479661,2025020154,6,2,1,0.5,,,
8479661,2025020154,6,2,1,1.5,,,
8479661,2025020154,6,2,1,2.5,,,
8479671,2025020152,29,7,0,0.5,,,
8479671,2025020152,29,7,0,1.5,,,
8479671,2025020152,29,7,0,2.5,,,
8479675,2025020165,26,28,0,0.5,,,
8479675,2025020165,26,28,0,1.5,,,
8479675,2025020165,26,28,0,2.5,,,
8479705,2025020154,6,2,1,0.5,,,
8479705,2025020154,6,2,1,1.5,,,
8479705,2025020154,6,2,1,2.5,,,
8479772,2025020161,1,21,0,0.5,,,
8479772,2025020161,1,21,0,1.5,,,
8479772,2025020161,1,21,0,2.5,,,
8479941,2025020152,7,29,1,0.5,,,
8479941,2025020152,7,29,1,1.5,,,
8479941,2025020152,7,29,1,2.5,,,
8479944,2025020152,29,7,0,0.5,,,
8479944,2025020152,29,7,0,1.5,,,
8479944,2025020152,29,7,0,2.5,,,
8479973,2025020162,22,68,1,0.5,,,
8479973,2025020162,22,68,1,1.5,,,
8479973,2025020162,22,68,1,2.5,,,
8479977,2025020162,68,22,0,0.5,,,
8479977,2025020162,68,22,0,1.5,,,
8479977,2025020162,68,22,0,2.5,,,
8479979,2025020159,25,15,1,0.5,,,
8479979,2025020159,25,15,1,1.5,,,
8479979,2025020159,25,15,1,2.5,,,
8479980,2025020156,18,14,1,0.5,,,
8479980,2025020156,18,14,1,1.5,,,
8479980,2025020156,18,14,1,2.5,,,
8479981,2025020153,13,24,1,0.5,,,
8479981,2025020153,13,24,1,1.5,,,
8479981,2025020153,13,24,1,2.5,,,
8479982,2025020152,7,29,1,0.5,,,
8479982,2025020152,7,29,1,1.5,,,
8479982,2025020152,7,29,1,2.5,,,
8479983,2025020165,28,26,1,0.5,,,
8479983,2025020165,28,26,1,1.5,,,
8479983,2025020165,28,26,1,2.5,,,
8479987,2025020154,6,2,1,0.5,,,
8479987,2025020154,6,2,1,1.5,,,
8479987,2025020154,6,2,1,2.5,,,
8479992,2025020158,17,19,0,0.5,,,
8479992,2025020158,17,19,0,1.5,,,
8479992,2025020158,17,19,0,2.5,,,
8479996,2025020161,1,21,0,0.5,,,
8479996,2025020161,1,21,0,1.5,,,
8479996,2025020161,1,21,0,2.5,,,
8479998,2025020165,26,28,0,0.5,,,
8479998,2025020165,26,28,0,1.5,,,
8479998,2025020165,26,28,0,2.5,,,
8479999,2025020154,6,2,1,0.5,,,
8479999,2025020154,6,2,1,1.5,,,
8479999,2025020154,6,2,1,2.5,,,
8480001,2025020163,3,23,0,0.5,,,
8480001,2025020163,3,23,0,1.5,,,
8480001,2025020163,3,23,0,2.5,,,
8480002,2025020161,1,21,0,0.5,,,
8480002,2025020161,1,21,0,1.5,,,
8480002,2025020161,1,21,0,2.5,,,
8480003,2025020153,13,24,1,0.5,,,
8480003,2025020153,13,24,1,1.5,,,
8480003,2025020153,13,24,1,2.5,,,
8480009,2025020164,55,8,1,0.5,,,
8480009,2025020164,55,8,1,1.5,,,
8480009,2025020164,55,8,1,2.5,,,
8480012,2025020163,23,3,1,0.5,,,
8480012,2025020163,23,3,1,1.5,,,
8480012,2025020163,23,3,1,2.5,,,
8480014,2025020157,52,30,0,0.5,,,
8480014,2025020157,52,30,0,1.5,,,
8480014,2025020157,52,30,0,2.5,,,
8480015,2025020150,4,5,1,0.5,,,
8480015,2025020150,4,5,1,1.5,,,
8480015,2025020150,4,5,1,2.5,,,
8480018,2025020164,8,55,0,0.5,,,
8480018,2025020164,8,55,0,1.5,,,
8480018,2025020164,8,55,0,2.5,,,
8480023,2025020158,19,17,1,0.5,,,
8480023,2025020158,19,17,1,1.5,,,
8480023,2025020158,19,17,1,2.5,,,
8480027,2025020159,25,15,1,0.5,,,
8480027,2025020159,25,15,1,1.5,,,
8480027,2025020159,25,15,1,2.5,,,
8480028,2025020151,20,10,0,0.5,,,
8480028,2025020151,20,10,0,1.5,,,
8480028,2025020151,20,10,0,2.5,,,
8480035,2025020154,6,2,1,0.5,,,
8480035,2025020154,6,2,1,1.5,,,
8480035,2025020154,6,2,1,2.5,,,
8480036,2025020159,25,15,1,0.5,,,
8480036,2025020159,25,15,1,1.5,,,
8480036,2025020159,25,15,1,2.5,,,
8480039,2025020161,21,1,1,0.5,,,
8480039,2025020161,21,1,1,1.5,,,
8480039,2025020161,21,1,1,2.5,,,
8480043,2025020165,28,26,1,0.5,,,
8480043,2025020165,28,26,1,1.5,,,
8480043,2025020165,28,26,1,2.5,,,
8480045,2025020152,7,29,1,0.5,,,
8480045,2025020152,7,29,1,1.5,,,
8480045,2025020152,7,29,1,2.5,,,
8480051,2025020151,10,20,1,0.5,,,
8480051,2025020151,10,20,1,1.5,,,
8480051,2025020151,10,20,1,2.5,,,
8480058,2025020163,23,3,1,0.5,,,
8480058,2025020163,23,3,1,1.5,,,
8480058,2025020163,23,3,1,2.5,,,
8480064,2025020152,7,29,1,0.5,,,
8480064,2025020152,7,29,1,1.5,,,
8480064,2025020152,7,29,1,2.5,,,
8480068,2025020153,24,13,0,0.5,,,
8480068,2025020153,24,13,0,1.5,,,
8480068,2025020153,24,13,0,2.5,,,
8480069,2025020161,21,1,1,0.5,,,
8480069,2025020161,21,1,1,1.5,,,
8480069,2025020161,21,1,1,2.5,,,
8480074,2025020158,19,17,1,0.5,,,
8480074,2025020158,19,17,1,1.5,,,
8480074,2025020158,19,17,1,2.5,,,
8480078,2025020163,23,3,1,0.5,,,
8480078,2025020163,23,3,1,1.5,,,
8480078,2025020163,23,3,1,2.5,,,
8480113,2025020157,52,30,0,0.5,,,
8480113,2025020157,52,30,0,1.5,,,
8480113,2025020157,52,30,0,2.5,,,
8480145,2025020157,52,30,0,0.5,,,
8480145,2025020157,52,30,0,1.5,,,
8480145,2025020157,52,30,0,2.5,,,
8480185,2025020153,13,24,1,0.5,,,
8480185,2025020153,13,24,1,1.5,,,
8480185,2025020153,13,24,1,2.5,,,
8480188,2025020160,9,16,0,0.5,,,
8480188,2025020160,9,16,0,1.5,,,
8480188,2025020160,9,16,0,2.5,,,
8480193,2025020153,13,24,1,0.5,,,
8480193,2025020153,13,24,1,1.5,,,
8480193,2025020153,13,24,1,2.5,,,
8480208,2025020160,9,16,0,0.5,,,
8480208,2025020160,9,16,0,1.5,,,
8480208,2025020160,9,16,0,2.5,,,
8480220,2025020150,4,5,1,0.5,,,
8480220,2025020150,4,5,1,1.5,,,
8480220,2025020150,4,5,1,2.5,,,
8480245,2025020160,9,16,0,0.5,,,
8480245,2025020160,9,16,0,1.5,,,
8480245,2025020160,9,16,0,2.5,,,
8480246,2025020156,18,14,1,0.5,,,
8480246,2025020156,18,14,1,1.5,,,
8480246,2025020156,18,14,1,2.5,,,
8480259,2025020157,30,52,1,0.5,,,
8480259,2025020157,30,52,1,1.5,,,
8480259,2025020157,30,52,1,2.5,,,
8480280,2025020154,6,2,1,0.5,,,
8480280,2025020154,6,2,1,1.5,,,
8480280,2025020154,6,2,1,2.5,,,
8480281,2025020158,19,17,1,0.5,,,
8480281,2025020158,19,17,1,1.5,,,
8480281,2025020158,19,17,1,2.5,,,
8480289,2025020157,52,30,0,0.5,,,
8480289,2025020157,52,30,0,1.5,,,
8480289,2025020157,52,30,0,2.5,,,
8480313,2025020159,15,25,0,0.5,,,
8480313,2025020159,15,25,0,1.5,,,
8480313,2025020159,15,25,0,2.5,,,
8480336,2025020155,12,54,1,0.5,,,
8480336,2025020155,12,54,1,1.5,,,
8480336,2025020155,12,54,1,2.5,,,
8480355,2025020154,6,2,1,0.5,,,
8480355,2025020154,6,2,1,1.5,,,
8480355,2025020154,6,2,1,2.5,,,
8480426,2025020156,14,18,0,0.5,,,
8480426,2025020156,14,18,0,1.5,,,
8480426,2025020156,14,18,0,2.5,,,
8480448,2025020161,21,1,1,0.5,,,
8480448,2025020161,21,1,1,1.5,,,
8480448,2025020161,21,1,1,2.5,,,
8480459,2025020158,19,17,1,0.5,,,
8480459,2025020158,19,17,1,1.5,,,
8480459,2025020158,19,17,1,2.5,,,
8480727,2025020155,54,12,0,0.5,,,
8480727,2025020155,54,12,0,1.5,,,
8480727,2025020155,54,12,0,2.5,,,
8480748,2025020163,23,3,1,0.5,,,
8480748,2025020163,23,3,1,1.5,,,
8480748,2025020163,23,3,1,2.5,,,
8480762,2025020155,12,54,1,0.5,,,
8480762,2025020155,12,54,1,1.5,,,
8480762,2025020155,12,54,1,2.5,,,
8480796,2025020159,15,25,0,0.5,,,
8480796,2025020159,15,25,0,1.5,,,
8480796,2025020159,15,25,0,2.5,,,
8480797,2025020151,20,10,0,0.5,,,
8480797,2025020151,20,10,0,1.5,,,
8480797,2025020151,20,10,0,2.5,,,
8480798,2025020165,28,26,1,0.5,,,
8480798,2025020165,28,26,1,1.5,,,
8480798,2025020165,28,26,1,2.5,,,
8480801,2025020160,9,16,0,0.5,,,
8480801,2025020160,9,16,0,1.5,,,
8480801,2025020160,9,16,0,2.5,,,
8480802,2025020152,7,29,1,0.5,,,
8480802,2025020152,7,29,1,1.5,,,
8480802,2025020152,7,29,1,2.5,,,
8480803,2025020162,22,68,1,0.5,,,
8480803,2025020162,22,68,1,1.5,,,
8480803,2025020162,22,68,1,2.5,,,
8480806,2025020152,29,7,0,0.5,,,
8480806,2025020152,29,7,0,1.5,,,
8480806,2025020152,29,7,0,2.5,,,
8480807,2025020152,7,29,1,0.5,,,
8480807,2025020152,7,29,1,1.5,,,
8480807,2025020152,7,29,1,2.5,,,
8480813,2025020164,8,55,0,0.5,,,
8480813,2025020164,8,55,0,1.5,,,
8480813,2025020164,8,55,0,2.5,,,
8480825,2025020165,28,26,1,0.5,,,
8480825,2025020165,28,26,1,1.5,,,
8480825,2025020165,28,26,1,2.5,,,
8480829,2025020155,12,54,1,0.5,,,
8480829,2025020155,12,54,1,1.5,,,
8480829,2025020155,12,54,1,2.5,,,
8480830,2025020155,12,54,1,0.5,,,
8480830,2025020155,12,54,1,1.5,,,
8480830,2025020155,12,54,1,2.5,,,
8480834,2025020162,22,68,1,0.5,,,
8480834,2025020162,22,68,1,1.5,,,
8480834,2025020162,22,68,1,2.5,,,
8480835,2025020161,21,1,1,0.5,,,
8480835,2025020161,21,1,1,1.5,,,
8480835,2025020161,21,1,1,2.5,,,
8480839,2025020152,7,29,1,0.5,,,
8480839,2025020152,7,29,1,1.5,,,
8480839,2025020152,7,29,1,2.5,,,
8480840,2025020159,25,15,1,0.5,,,
8480840,2025020159,25,15,1,1.5,,,
8480840,2025020159,25,15,1,2.5,,,
8480842,2025020150,5,4,0,0.5,,,
8480842,2025020150,5,4,0,1.5,,,
8480842,2025020150,5,4,0,2.5,,,
8480843,2025020153,24,13,0,0.5,,,
8480843,2025020153,24,13,0,1.5,,,
8480843,2025020153,24,13,0,2.5,,,
8480848,2025020165,28,26,1,0.5,,,
8480848,2025020165,28,26,1,1.5,,,
8480848,2025020165,28,26,1,2.5,,,
8480849,2025020162,68,22,0,0.5,,,
8480849,2025020162,68,22,0,1.5,,,
8480849,2025020162,68,22,0,2.5,,,
8480855,2025020162,68,22,0,0.5,,,
8480855,2025020162,68,22,0,1.5,,,
8480855,2025020162,68,22,0,2.5,,,
8480860,2025020151,20,10,0,0.5,,,
8480860,2025020151,20,10,0,1.5,,,
8480860,2025020151,20,10,0,2.5,,,
8480865,2025020164,8,55,0,0.5,,,
8480865,2025020164,8,55,0,1.5,,,
8480865,2025020164,8,55,0,2.5,,,
8480876,2025020156,14,18,0,0.5,,,
8480876,2025020156,14,18,0,1.5,,,
8480876,2025020156,14,18,0,2.5,,,
8480891,2025020152,7,29,1,0.5,,,
8480891,2025020152,7,29,1,1.5,,,
8480891,2025020152,7,29,1,2.5,,,
8480893,2025020152,29,7,0,0.5,,,
8480893,2025020152,29,7,0,1.5,,,
8480893,2025020152,29,7,0,2.5,,,
8480947,2025020163,23,3,1,0.5,,,
8480947,2025020163,23,3,1,1.5,,,
8480947,2025020163,23,3,1,2.5,,,
8480950,2025020159,25,15,1,0.5,,,
8480950,2025020159,25,15,1,1.5,,,
8480950,2025020159,25,15,1,2.5,,,
8480980,2025020150,5,4,0,0.5,,,
8480980,2025020150,5,4,0,1.5,,,
8480980,2025020150,5,4,0,2.5,,,
8480981,2025020158,19,17,1,0.5,,,
8480981,2025020158,19,17,1,1.5,,,
8480981,2025020158,19,17,1,2.5,,,
8480990,2025020159,15,25,0,0.5,,,
8480990,2025020159,15,25,0,1.5,,,
8480990,2025020159,15,25,0,2.5,,,
8480995,2025020156,14,18,0,0.5,,,
8480995,2025020156,14,18,0,1.5,,,
8480995,2025020156,14,18,0,2.5,,,
8481006,2025020158,19,17,1,0.5,,,
8481006,2025020158,19,17,1,1.5,,,
8481006,2025020158,19,17,1,2.5,,,
8481013,2025020158,17,19,0,0.5,,,
8481013,2025020158,17,19,0,1.5,,,
8481013,2025020158,17,19,0,2.5,,,
8481020,2025020156,18,14,1,0.5,,,
8481020,2025020156,18,14,1,1.5,,,
8481020,2025020156,18,14,1,2.5,,,
8481024,2025020163,23,3,1,0.5,,,
8481024,2025020163,23,3,1,1.5,,,
8481024,2025020163,23,3,1,2.5,,,
8481028,2025020151,20,10,0,0.5,,,
8481028,2025020151,20,10,0,1.5,,,
8481028,2025020151,20,10,0,2.5,,,
8481032,2025020161,1,21,0,0.5,,,
8481032,2025020161,1,21,0,1.5,,,
8481032,2025020161,1,21,0,2.5,,,
8481033,2025020155,54,12,0,0.5,,,
8481033,2025020155,54,12,0,1.5,,,
8481033,2025020155,54,12,0,2.5,,,
8481035,2025020150,4,5,1,0.5,,,
8481035,2025020150,4,5,1,1.5,,,
8481035,2025020150,4,5,1,2.5,,,
8481043,2025020157,52,30,0,0.5,,,
8481043,2025020157,52,30,0,1.5,,,
8481043,2025020157,52,30,0,2.5,,,
8481056,2025020156,18,14,1,0.5,,,
8481056,2025020156,18,14,1,1.5,,,
8481056,2025020156,18,14,1,2.5,,,
8481068,2025020151,20,10,0,0.5,,,
8481068,2025020151,20,10,0,1.5,,,
8481068,2025020151,20,10,0,2.5,,,
8481122,2025020151,10,20,1,0.5,,,
8481122,2025020151,10,20,1,1.5,,,
8481122,2025020151,10,20,1,2.5,,,
8481133,2025020155,54,12,0,0.5,,,
8481133,2025020155,54,12,0,1.5,,,
8481133,2025020155,54,12,0,2.5,,,
8481161,2025020152,29,7,0,0.5,,,
8481161,2025020152,29,7,0,1.5,,,
8481161,2025020152,29,7,0,2.5,,,
8481178,2025020150,4,5,1,0.5,,,
8481178,2025020150,4,5,1,1.5,,,
8481178,2025020150,4,5,1,2.5,,,
8481219,2025020154,6,2,1,0.5,,,
8481219,2025020154,6,2,1,1.5,,,
8481219,2025020154,6,2,1,2.5,,,
8481237,2025020154,2,6,0,0.5,,,
8481237,2025020154,2,6,0,1.5,,,
8481237,2025020154,2,6,0,2.5,,,
8481477,2025020157,30,52,1,0.5,,,
8481477,2025020157,30,52,1,1.5,,,
8481477,2025020157,30,52,1,2.5,,,
8481481,2025020150,5,4,0,0.5,,,
8481481,2025020150,5,4,0,1.5,,,
8481481,2025020150,5,4,0,2.5,,,
8481491,2025020162,22,68,1,0.5,,,
8481491,2025020162,22,68,1,1.5,,,
8481491,2025020162,22,68,1,2.5,,,
8481519,2025020160,16,9,1,0.5,,,
8481519,2025020160,16,9,1,1.5,,,
8481519,2025020160,16,9,1,2.5,,,
8481522,2025020152,7,29,1,0.5,,,
8481522,2025020152,7,29,1,1.5,,,
8481522,2025020152,7,29,1,2.5,,,
8481523,2025020164,8,55,0,0.5,,,
8481523,2025020164,8,55,0,1.5,,,
8481523,2025020164,8,55,0,2.5,,,
8481524,2025020152,7,29,1,0.5,,,
8481524,2025020152,7,29,1,1.5,,,
8481524,2025020152,7,29,1,2.5,,,
8481527,2025020155,54,12,0,0.5,,,
8481527,2025020155,54,12,0,1.5,,,
8481527,2025020155,54,12,0,2.5,,,
8481528,2025020160,9,16,0,0.5,,,
8481528,2025020160,9,16,0,1.5,,,
8481528,2025020160,9,16,0,2.5,,,
8481529,2025020161,21,1,1,0.5,,,
8481529,2025020161,21,1,1,1.5,,,
8481529,2025020161,21,1,1,2.5,,,
8481532,2025020165,26,28,0,0.5,,,
8481532,2025020165,26,28,0,1.5,,,
8481532,2025020165,26,28,0,2.5,,,
8481533,2025020150,4,5,1,0.5,,,
8481533,2025020150,4,5,1,1.5,,,
8481533,2025020150,4,5,1,2.5,,,
8481535,2025020163,23,3,1,0.5,,,
8481535,2025020163,23,3,1,1.5,,,
8481535,2025020163,23,3,1,2.5,,,
8481540,2025020164,8,55,0,0.5,,,
8481540,2025020164,8,55,0,1.5,,,
8481540,2025020164,8,55,0,2.5,,,
8481542,2025020158,17,19,0,0.5,,,
8481542,2025020158,17,19,0,1.5,,,
8481542,2025020158,17,19,0,2.5,,,
8481546,2025020150,4,5,1,0.5,,,
8481546,2025020150,4,5,1,1.5,,,
8481546,2025020150,4,5,1,2.5,,,
8481551,2025020152,7,29,1,0.5,,,
8481551,2025020152,7,29,1,1.5,,,
8481551,2025020152,7,29,1,2.5,,,
8481553,2025020150,4,5,1,0.5,,,
8481553,2025020150,4,5,1,1.5,,,
8481553,2025020150,4,5,1,2.5,,,
8481554,2025020164,55,8,1,0.5,,,
8481554,2025020164,55,8,1,1.5,,,
8481554,2025020164,55,8,1,2.5,,,
8481556,2025020154,6,2,1,0.5,,,
8481556,2025020154,6,2,1,1.5,,,
8481556,2025020154,6,2,1,2.5,,,
8481557,2025020157,30,52,1,0.5,,,
8481557,2025020157,30,52,1,1.5,,,
8481557,2025020157,30,52,1,2.5,,,
8481559,2025020161,1,21,0,0.5,,,
8481559,2025020161,1,21,0,1.5,,,
8481559,2025020161,1,21,0,2.5,,,
8481563,2025020153,24,13,0,0.5,,,
8481563,2025020153,24,13,0,1.5,,,
8481563,2025020153,24,13,0,2.5,,,
8481568,2025020160,16,9,1,0.5,,,
8481568,2025020160,16,9,1,1.5,,,
8481568,2025020160,16,9,1,2.5,,,
8481577,2025020150,5,4,0,0.5,,,
8481577,2025020150,5,4,0,1.5,,,
8481577,2025020150,5,4,0,2.5,,,
8481580,2025020159,15,25,0,0.5,,,
8481580,2025020159,15,25,0,1.5,,,
8481580,2025020159,15,25,0,2.5,,,
8481581,2025020159,25,15,1,0.5,,,
8481581,2025020159,25,15,1,1.5,,,
8481581,2025020159,25,15,1,2.5,,,
8481582,2025020151,10,20,1,0.5,,,
8481582,2025020151,10,20,1,1.5,,,
8481582,2025020151,10,20,1,2.5,,,
8481593,2025020164,8,55,0,0.5,,,
8481593,2025020164,8,55,0,1.5,,,
8481593,2025020164,8,55,0,2.5,,,
8481596,2025020160,9,16,0,0.5,,,
8481596,2025020160,9,16,0,1.5,,,
8481596,2025020160,9,16,0,2.5,,,
8481598,2025020158,19,17,1,0.5,,,
8481598,2025020158,19,17,1,1.5,,,
8481598,2025020158,19,17,1,2.5,,,
8481601,2025020154,2,6,0,0.5,,,
8481601,2025020154,2,6,0,1.5,,,
8481601,2025020154,2,6,0,2.5,,,
8481604,2025020155,54,12,0,0.5,,,
8481604,2025020155,54,12,0,1.5,,,
8481604,2025020155,54,12,0,2.5,,,
8481605,2025020153,24,13,0,0.5,,,
8481605,2025020153,24,13,0,1.5,,,
8481605,2025020153,24,13,0,2.5,,,
8481607,2025020158,17,19,0,0.5,,,
8481607,2025020158,17,19,0,1.5,,,
8481607,2025020158,17,19,0,2.5,,,
8481611,2025020155,12,54,1,0.5,,,
8481611,2025020155,12,54,1,1.5,,,
8481611,2025020155,12,54,1,2.5,,,
8481617,2025020162,22,68,1,0.5,,,
8481617,2025020162,22,68,1,1.5,,,
8481617,2025020162,22,68,1,2.5,,,
8481618,2025020164,8,55,0,0.5,,,
8481618,2025020164,8,55,0,1.5,,,
8481618,2025020164,8,55,0,2.5,,,
8481624,2025020160,16,9,1,0.5,,,
8481624,2025020160,16,9,1,1.5,,,
8481624,2025020160,16,9,1,2.5,,,
8481641,2025020161,21,1,1,0.5,,,
8481641,2025020161,21,1,1,1.5,,,
8481641,2025020161,21,1,1,2.5,,,
8481655,2025020153,13,24,1,0.5,,,
8481655,2025020153,13,24,1,1.5,,,
8481655,2025020153,13,24,1,2.5,,,
8481656,2025020159,15,25,0,0.5,,,
8481656,2025020159,15,25,0,1.5,,,
8481656,2025020159,15,25,0,2.5,,,
8481668,2025020150,5,4,0,0.5,,,
8481668,2025020150,5,4,0,1.5,,,
8481668,2025020150,5,4,0,2.5,,,
8481692,2025020151,20,10,0,0.5,,,
8481692,2025020151,20,10,0,1.5,,,
8481692,2025020151,20,10,0,2.5,,,
8481704,2025020163,3,23,0,0.5,,,
8481704,2025020163,3,23,0,1.5,,,
8481704,2025020163,3,23,0,2.5,,,
8481711,2025020151,10,20,1,0.5,,,
8481711,2025020151,10,20,1,1.5,,,
8481711,2025020151,10,20,1,2.5,,,
8481716,2025020152,29,7,0,0.5,,,
8481716,2025020152,29,7,0,1.5,,,
8481716,2025020152,29,7,0,2.5,,,
8481721,2025020161,1,21,0,0.5,,,
8481721,2025020161,1,21,0,1.5,,,
8481721,2025020161,1,21,0,2.5,,,
8481725,2025020158,17,19,0,0.5,,,
8481725,2025020158,17,19,0,1.5,,,
8481725,2025020158,17,19,0,2.5,,,
8481726,2025020163,3,23,0,0.5,,,
8481726,2025020163,3,23,0,1.5,,,
8481726,2025020163,3,23,0,2.5,,,
8481754,2025020153,24,13,0,0.5,,,
8481754,2025020153,24,13,0,1.5,,,
8481754,2025020153,24,13,0,2.5,,,
8481789,2025020164,55,8,1,0.5,,,
8481789,2025020164,55,8,1,1.5,,,
8481789,2025020164,55,8,1,2.5,,,
8481806,2025020160,16,9,1,0.5,,,
8481806,2025020160,16,9,1,1.5,,,
8481806,2025020160,16,9,1,2.5,,,
8482055,2025020163,23,3,1,0.5,,,
8482055,2025020163,23,3,1,1.5,,,
8482055,2025020163,23,3,1,2.5,,,
8482062,2025020156,18,14,1,0.5,,,
8482062,2025020156,18,14,1,1.5,,,
8482062,2025020156,18,14,1,2.5,,,
8482070,2025020156,14,18,0,0.5,,,
8482070,2025020156,14,18,0,1.5,,,
8482070,2025020156,14,18,0,2.5,,,
8482072,2025020161,21,1,1,0.5,,,
8482072,2025020161,21,1,1,1.5,,,
8482072,2025020161,21,1,1,2.5,,,
8482073,2025020163,3,23,0,0.5,,,
8482073,2025020163,3,23,0,1.5,,,
8482073,2025020163,3,23,0,2.5,,,
8482074,2025020151,20,10,0,0.5,,,
8482074,2025020151,20,10,0,1.5,,,
8482074,2025020151,20,10,0,2.5,,,
8482077,2025020158,19,17,1,0.5,,,
8482077,2025020158,19,17,1,1.5,,,
8482077,2025020158,19,17,1,2.5,,,
8482078,2025020158,17,19,0,0.5,,,
8482078,2025020158,17,19,0,1.5,,,
8482078,2025020158,17,19,0,2.5,,,
8482079,2025020157,30,52,1,0.5,,,
8482079,2025020157,30,52,1,1.5,,,
8482079,2025020157,30,52,1,2.5,,,
8482088,2025020159,15,25,0,0.5,,,
8482088,2025020159,15,25,0,1.5,,,
8482088,2025020159,15,25,0,2.5,,,
8482089,2025020158,19,17,1,0.5,,,
8482089,2025020158,19,17,1,1.5,,,
8482089,2025020158,19,17,1,2.5,,,
8482090,2025020156,14,18,0,0.5,,,
8482090,2025020156,14,18,0,1.5,,,
8482090,2025020156,14,18,0,2.5,,,
8482092,2025020160,9,16,0,0.5,,,
8482092,2025020160,9,16,0,1.5,,,
8482092,2025020160,9,16,0,2.5,,,
8482093,2025020155,12,54,1,0.5,,,
8482093,2025020155,12,54,1,1.5,,,
8482093,2025020155,12,54,1,2.5,,,
8482095,2025020160,9,16,0,0.5,,,
8482095,2025020160,9,16,0,1.5,,,
8482095,2025020160,9,16,0,2.5,,,
8482097,2025020152,7,29,1,0.5,,,
8482097,2025020152,7,29,1,1.5,,,
8482097,2025020152,7,29,1,2.5,,,
8482100,2025020155,12,54,1,0.5,,,
8482100,2025020155,12,54,1,1.5,,,
8482100,2025020155,12,54,1,2.5,,,
8482103,2025020156,18,14,1,0.5,,,
8482103,2025020156,18,14,1,1.5,,,
8482103,2025020156,18,14,1,2.5,,,
8482105,2025020160,9,16,0,0.5,,,
8482105,2025020160,9,16,0,1.5,,,
8482105,2025020160,9,16,0,2.5,,,
8482109,2025020163,3,23,0,0.5,,,
8482109,2025020163,3,23,0,1.5,,,
8482109,2025020163,3,23,0,2.5,,,
8482110,2025020161,1,21,0,0.5,,,
8482110,2025020161,1,21,0,1.5,,,
8482110,2025020161,1,21,0,2.5,,,
8482111,2025020156,18,14,1,0.5,,,
8482111,2025020156,18,14,1,1.5,,,
8482111,2025020156,18,14,1,2.5,,,
8482113,2025020153,13,24,1,0.5,,,
8482113,2025020153,13,24,1,1.5,,,
8482113,2025020153,13,24,1,2.5,,,
8482116,2025020160,9,16,0,0.5,,,
8482116,2025020160,9,16,0,1.5,,,
8482116,2025020160,9,16,0,2.5,,,
8482117,2025020163,23,3,1,0.5,,,
8482117,2025020163,23,3,1,1.5,,,
8482117,2025020163,23,3,1,2.5,,,
8482118,2025020153,24,13,0,0.5,,,
8482118,2025020153,24,13,0,1.5,,,
8482118,2025020153,24,13,0,2.5,,,
8482122,2025020157,30,52,1,0.5,,,
8482122,2025020157,30,52,1,1.5,,,
8482122,2025020157,30,52,1,2.5,,,
8482124,2025020165,26,28,0,0.5,,,
8482124,2025020165,26,28,0,1.5,,,
8482124,2025020165,26,28,0,2.5,,,
8482125,2025020155,54,12,0,0.5,,,
8482125,2025020155,54,12,0,1.5,,,
8482125,2025020155,54,12,0,2.5,,,
8482137,2025020165,28,26,1,0.5,,,
8482137,2025020165,28,26,1,1.5,,,
8482137,2025020165,28,26,1,2.5,,,
8482142,2025020150,4,5,1,0.5,,,
8482142,2025020150,4,5,1,1.5,,,
8482142,2025020150,4,5,1,2.5,,,
8482145,2025020159,25,15,1,0.5,,,
8482145,2025020159,25,15,1,1.5,,,
8482145,2025020159,25,15,1,2.5,,,
8482146,2025020156,18,14,1,0.5,,,
8482146,2025020156,18,14,1,1.5,,,
8482146,2025020156,18,14,1,2.5,,,
8482148,2025020159,15,25,0,0.5,,,
8482148,2025020159,15,25,0,1.5,,,
8482148,2025020159,15,25,0,2.5,,,
8482149,2025020157,52,30,0,0.5,,,
8482149,2025020157,52,30,0,1.5,,,
8482149,2025020157,52,30,0,2.5,,,
8482155,2025020165,26,28,0,0.5,,,
8482155,2025020165,26,28,0,1.5,,,
8482155,2025020165,26,28,0,2.5,,,
8482157,2025020163,3,23,0,0.5,,,
8482157,2025020163,3,23,0,1.5,,,
8482157,2025020163,3,23,0,2.5,,,
8482159,2025020150,4,5,1,0.5,,,
8482159,2025020150,4,5,1,1.5,,,
8482159,2025020150,4,5,1,2.5,,,
8482172,2025020160,16,9,1,0.5,,,
8482172,2025020160,16,9,1,1.5,,,
8482172,2025020160,16,9,1,2.5,,,
8482175,2025020162,68,22,0,0.5,,,
8482175,2025020162,68,22,0,1.5,,,
8482175,2025020162,68,22,0,2.5,,,
8482176,2025020160,16,9,1,0.5,,,
8482176,2025020160,16,9,1,1.5,,,
8482176,2025020160,16,9,1,2.5,,,
8482177,2025020154,6,2,1,0.5,,,
8482177,2025020154,6,2,1,1.5,,,
8482177,2025020154,6,2,1,2.5,,,
8482178,2025020153,24,13,0,0.5,,,
8482178,2025020153,24,13,0,1.5,,,
8482178,2025020153,24,13,0,2.5,,,
8482201,2025020156,14,18,0,0.5,,,
8482201,2025020156,14,18,0,1.5,,,
8482201,2025020156,14,18,0,2.5,,,
8482245,2025020160,9,16,0,0.5,,,
8482245,2025020160,9,16,0,1.5,,,
8482245,2025020160,9,16,0,2.5,,,
8482259,2025020151,10,20,1,0.5,,,
8482259,2025020151,10,20,1,1.5,,,
8482259,2025020151,10,20,1,2.5,,,
8482408,2025020165,26,28,0,0.5,,,
8482408,2025020165,26,28,0,1.5,,,
8482408,2025020165,26,28,0,2.5,,,
8482411,2025020160,9,16,0,0.5,,,
8482411,2025020160,9,16,0,1.5,,,
8482411,2025020160,9,16,0,2.5,,,
8482445,2025020151,20,10,0,0.5,,,
8482445,2025020151,20,10,0,1.5,,,
8482445,2025020151,20,10,0,2.5,,,
8482446,2025020150,5,4,0,0.5,,,
8482446,2025020150,5,4,0,1.5,,,
8482446,2025020150,5,4,0,2.5,,,
8482447,2025020160,9,16,0,0.5,,,
8482447,2025020160,9,16,0,1.5,,,
8482447,2025020160,9,16,0,2.5,,,
8482460,2025020163,3,23,0,0.5,,,
8482460,2025020163,3,23,0,1.5,,,
8482460,2025020163,3,23,0,2.5,,,
8482475,2025020152,29,7,0,0.5,,,
8482475,2025020152,29,7,0,1.5,,,
8482475,2025020152,29,7,0,2.5,,,
8482476,2025020154,2,6,0,0.5,,,
8482476,2025020154,2,6,0,1.5,,,
8482476,2025020154,2,6,0,2.5,,,
8482482,2025020156,18,14,1,0.5,,,
8482482,2025020156,18,14,1,1.5,,,
8482482,2025020156,18,14,1,2.5,,,
8482487,2025020164,8,55,0,0.5,,,
8482487,2025020164,8,55,0,1.5,,,
8482487,2025020164,8,55,0,2.5,,,
8482496,2025020163,23,3,1,0.5,,,
8482496,2025020163,23,3,1,1.5,,,
8482496,2025020163,23,3,1,2.5,,,
8482623,2025020152,7,29,1,0.5,,,
8482623,2025020152,7,29,1,1.5,,,
8482623,2025020152,7,29,1,2.5,,,
8482655,2025020156,14,18,0,0.5,,,
8482655,2025020156,14,18,0,1.5,,,
8482655,2025020156,14,18,0,2.5,,,
8482659,2025020152,7,29,1,0.5,,,
8482659,2025020152,7,29,1,1.5,,,
8482659,2025020152,7,29,1,2.5,,,
8482660,2025020152,29,7,0,0.5,,,
8482660,2025020152,29,7,0,1.5,,,
8482660,2025020152,29,7,0,2.5,,,
8482661,2025020157,30,52,1,0.5,,,
8482661,2025020157,30,52,1,1.5,,,
8482661,2025020157,30,52,1,2.5,,,
8482665,2025020164,55,8,1,0.5,,,
8482665,2025020164,55,8,1,1.5,,,
8482665,2025020164,55,8,1,2.5,,,
8482667,2025020165,28,26,1,0.5,,,
8482667,2025020165,28,26,1,1.5,,,
8482667,2025020165,28,26,1,2.5,,,
8482671,2025020152,7,29,1,0.5,,,
8482671,2025020152,7,29,1,1.5,,,
8482671,2025020152,7,29,1,2.5,,,
8482679,2025020151,20,10,0,0.5,,,
8482679,2025020151,20,10,0,1.5,,,
8482679,2025020151,20,10,0,2.5,,,
8482684,2025020161,1,21,0,0.5,,,
8482684,2025020161,1,21,0,1.5,,,
8482684,2025020161,1,21,0,2.5,,,
8482691,2025020163,23,3,1,0.5,,,
8482691,2025020163,23,3,1,1.5,,,
8482691,2025020163,23,3,1,2.5,,,
8482699,2025020162,68,22,0,0.5,,,
8482699,2025020162,68,22,0,1.5,,,
8482699,2025020162,68,22,0,2.5,,,
8482702,2025020155,12,54,1,0.5,,,
8482702,2025020155,12,54,1,1.5,,,
8482702,2025020155,12,54,1,2.5,,,
8482703,2025020160,16,9,1,0.5,,,
8482703,2025020160,16,9,1,1.5,,,
8482703,2025020160,16,9,1,2.5,,,
8482705,2025020152,29,7,0,0.5,,,
8482705,2025020152,29,7,0,1.5,,,
8482705,2025020152,29,7,0,2.5,,,
8482713,2025020153,13,24,1,0.5,,,
8482713,2025020153,13,24,1,1.5,,,
8482713,2025020153,13,24,1,2.5,,,
8482720,2025020151,10,20,1,0.5,,,
8482720,2025020151,10,20,1,1.5,,,
8482720,2025020151,10,20,1,2.5,,,
8482726,2025020165,26,28,0,0.5,,,
8482726,2025020165,26,28,0,1.5,,,
8482726,2025020165,26,28,0,2.5,,,
8482730,2025020165,26,28,0,0.5,,,
8482730,2025020165,26,28,0,1.5,,,
8482730,2025020165,26,28,0,2.5,,,
8482733,2025020158,19,17,1,0.5,,,
8482733,2025020158,19,17,1,1.5,,,
8482733,2025020158,19,17,1,2.5,,,
8482737,2025020164,8,55,0,0.5,,,
8482737,2025020164,8,55,0,1.5,,,
8482737,2025020164,8,55,0,2.5,,,
8482740,2025020159,25,15,1,0.5,,,
8482740,2025020159,25,15,1,1.5,,,
8482740,2025020159,25,15,1,2.5,,,
8482745,2025020153,24,13,0,0.5,,,
8482745,2025020153,24,13,0,1.5,,,
8482745,2025020153,24,13,0,2.5,,,
8482747,2025020163,3,23,0,0.5,,,
8482747,2025020163,3,23,0,1.5,,,
8482747,2025020163,3,23,0,2.5,,,
8482749,2025020164,8,55,0,0.5,,,
8482749,2025020164,8,55,0,1.5,,,
8482749,2025020164,8,55,0,2.5,,,
8482751,2025020164,55,8,1,0.5,,,
8482751,2025020164,55,8,1,1.5,,,
8482751,2025020164,55,8,1,2.5,,,
8482761,2025020155,54,12,0,0.5,,,
8482761,2025020155,54,12,0,1.5,,,
8482761,2025020155,54,12,0,2.5,,,
8482762,2025020158,17,19,0,0.5,,,
8482762,2025020158,17,19,0,1.5,,,
8482762,2025020158,17,19,0,2.5,,,
8482768,2025020156,18,14,1,0.5,,,
8482768,2025020156,18,14,1,1.5,,,
8482768,2025020156,18,14,1,2.5,,,
8482775,2025020164,8,55,0,0.5,,,
8482775,2025020164,8,55,0,1.5,,,
8482775,2025020164,8,55,0,2.5,,,
8482787,2025020157,52,30,0,0.5,,,
8482787,2025020157,52,30,0,1.5,,,
8482787,2025020157,52,30,0,2.5,,,
8482803,2025020153,24,13,0,0.5,,,
8482803,2025020153,24,13,0,1.5,,,
8482803,2025020153,24,13,0,2.5,,,
8482809,2025020155,12,54,1,0.5,,,
8482809,2025020155,12,54,1,1.5,,,
8482809,2025020155,12,54,1,2.5,,,
8482821,2025020160,16,9,1,0.5,,,
8482821,2025020160,16,9,1,1.5,,,
8482821,2025020160,16,9,1,2.5,,,
8482896,2025020152,7,29,1,0.5,,,
8482896,2025020152,7,29,1,1.5,,,
8482896,2025020152,7,29,1,2.5,,,
8482929,2025020156,14,18,0,0.5,,,
8482929,2025020156,14,18,0,1.5,,,
8482929,2025020156,14,18,0,2.5,,,
8482947,2025020161,21,1,1,0.5,,,
8482947,2025020161,21,1,1,1.5,,,
8482947,2025020161,21,1,1,2.5,,,
8482964,2025020164,8,55,0,0.5,,,
8482964,2025020164,8,55,0,1.5,,,
8482964,2025020164,8,55,0,2.5,,,
8482982,2025020152,29,7,0,0.5,,,
8482982,2025020152,29,7,0,1.5,,,
8482982,2025020152,29,7,0,2.5,,,
8483395,2025020163,23,3,1,0.5,,,
8483395,2025020163,23,3,1,1.5,,,
8483395,2025020163,23,3,1,2.5,,,
8483397,2025020161,1,21,0,0.5,,,
8483397,2025020161,1,21,0,1.5,,,
8483397,2025020161,1,21,0,2.5,,,
8483425,2025020159,25,15,1,0.5,,,
8483425,2025020159,25,15,1,1.5,,,
8483425,2025020159,25,15,1,2.5,,,
8483429,2025020161,1,21,0,0.5,,,
8483429,2025020161,1,21,0,1.5,,,
8483429,2025020161,1,21,0,2.5,,,
8483431,2025020162,68,22,0,0.5,,,
8483431,2025020162,68,22,0,1.5,,,
8483431,2025020162,68,22,0,2.5,,,
8483445,2025020153,24,13,0,0.5,,,
8483445,2025020153,24,13,0,1.5,,,
8483445,2025020153,24,13,0,2.5,,,
8483450,2025020160,16,9,1,0.5,,,
8483450,2025020160,16,9,1,1.5,,,
8483450,2025020160,16,9,1,2.5,,,
8483455,2025020162,22,68,1,0.5,,,
8483455,2025020162,22,68,1,1.5,,,
8483455,2025020162,22,68,1,2.5,,,
8483457,2025020164,8,55,0,0.5,,,
8483457,2025020164,8,55,0,1.5,,,
8483457,2025020164,8,55,0,2.5,,,
8483460,2025020157,30,52,1,0.5,,,
8483460,2025020157,30,52,1,1.5,,,
8483460,2025020157,30,52,1,2.5,,,
8483464,2025020158,17,19,0,0.5,,,
8483464,2025020158,17,19,0,1.5,,,
8483464,2025020158,17,19,0,2.5,,,
8483468,2025020152,7,29,1,0.5,,,
8483468,2025020152,7,29,1,1.5,,,
8483468,2025020152,7,29,1,2.5,,,
8483471,2025020157,52,30,0,0.5,,,
8483471,2025020157,52,30,0,1.5,,,
8483471,2025020157,52,30,0,2.5,,,
8483476,2025020163,23,3,1,0.5,,,
8483476,2025020163,23,3,1,1.5,,,
8483476,2025020163,23,3,1,2.5,,,
8483485,2025020152,29,7,0,0.5,,,
8483485,2025020152,29,7,0,1.5,,,
8483485,2025020152,29,7,0,2.5,,,
8483489,2025020154,6,2,1,0.5,,,
8483489,2025020154,6,2,1,1.5,,,
8483489,2025020154,6,2,1,2.5,,,
8483490,2025020153,24,13,0,0.5,,,
8483490,2025020153,24,13,0,1.5,,,
8483490,2025020153,24,13,0,2.5,,,
8483493,2025020160,16,9,1,0.5,,,
8483493,2025020160,16,9,1,1.5,,,
8483493,2025020160,16,9,1,2.5,,,
8483495,2025020161,1,21,0,0.5,,,
8483495,2025020161,1,21,0,1.5,,,
8483495,2025020161,1,21,0,2.5,,,
8483497,2025020164,55,8,1,0.5,,,
8483497,2025020164,55,8,1,1.5,,,
8483497,2025020164,55,8,1,2.5,,,
8483500,2025020152,7,29,1,0.5,,,
8483500,2025020152,7,29,1,1.5,,,
8483500,2025020152,7,29,1,2.5,,,
8483506,2025020160,16,9,1,0.5,,,
8483506,2025020160,16,9,1,1.5,,,
8483506,2025020160,16,9,1,2.5,,,
8483512,2025020162,22,68,1,0.5,,,
8483512,2025020162,22,68,1,1.5,,,
8483512,2025020162,22,68,1,2.5,,,
8483515,2025020164,8,55,0,0.5,,,
8483515,2025020164,8,55,0,1.5,,,
8483515,2025020164,8,55,0,2.5,,,
8483516,2025020158,19,17,1,0.5,,,
8483516,2025020158,19,17,1,1.5,,,
8483516,2025020158,19,17,1,2.5,,,
8483524,2025020164,55,8,1,0.5,,,
8483524,2025020164,55,8,1,1.5,,,
8483524,2025020164,55,8,1,2.5,,,
8483525,2025020157,30,52,1,0.5,,,
8483525,2025020157,30,52,1,1.5,,,
8483525,2025020157,30,52,1,2.5,,,
8483531,2025020161,1,21,0,0.5,,,
8483531,2025020161,1,21,0,1.5,,,
8483531,2025020161,1,21,0,2.5,,,
8483548,2025020155,12,54,1,0.5,,,
8483548,2025020155,12,54,1,1.5,,,
8483548,2025020155,12,54,1,2.5,,,
8483570,2025020164,55,8,1,0.5,,,
8483570,2025020164,55,8,1,1.5,,,
8483570,2025020164,55,8,1,2.5,,,
8483573,2025020159,15,25,0,0.5,,,
8483573,2025020159,15,25,0,1.5,,,
8483573,2025020159,15,25,0,2.5,,,
8483609,2025020151,20,10,0,0.5,,,
8483609,2025020151,20,10,0,1.5,,,
8483609,2025020151,20,10,0,2.5,,,
8483678,2025020163,23,3,1,0.5,,,
8483678,2025020163,23,3,1,1.5,,,
8483678,2025020163,23,3,1,2.5,,,
8483690,2025020163,3,23,0,0.5,,,
8483690,2025020163,3,23,0,1.5,,,
8483690,2025020163,3,23,0,2.5,,,
8483733,2025020150,4,5,1,0.5,,,
8483733,2025020150,4,5,1,1.5,,,
8483733,2025020150,4,5,1,2.5,,,
8483752,2025020156,14,18,0,0.5,,,
8483752,2025020156,14,18,0,1.5,,,
8483752,2025020156,14,18,0,2.5,,,
8483808,2025020165,26,28,0,0.5,,,
8483808,2025020165,26,28,0,1.5,,,
8483808,2025020165,26,28,0,2.5,,,
8484135,2025020157,52,30,0,0.5,,,
8484135,2025020157,52,30,0,1.5,,,
8484135,2025020157,52,30,0,2.5,,,
8484136,2025020163,23,3,1,0.5,,,
8484136,2025020163,23,3,1,1.5,,,
8484136,2025020163,23,3,1,2.5,,,
8484144,2025020160,16,9,1,0.5,,,
8484144,2025020160,16,9,1,1.5,,,
8484144,2025020160,16,9,1,2.5,,,
8484145,2025020152,7,29,1,0.5,,,
8484145,2025020152,7,29,1,1.5,,,
8484145,2025020152,7,29,1,2.5,,,
8484149,2025020161,21,1,1,0.5,,,
8484149,2025020161,21,1,1,1.5,,,
8484149,2025020161,21,1,1,2.5,,,
8484153,2025020153,24,13,0,0.5,,,
8484153,2025020153,24,13,0,1.5,,,
8484153,2025020153,24,13,0,2.5,,,
8484158,2025020151,10,20,1,0.5,,,
8484158,2025020151,10,20,1,1.5,,,
8484158,2025020151,10,20,1,2.5,,,
8484166,2025020152,29,7,0,0.5,,,
8484166,2025020152,29,7,0,1.5,,,
8484166,2025020152,29,7,0,2.5,,,
8484180,2025020151,20,10,0,0.5,,,
8484180,2025020151,20,10,0,1.5,,,
8484180,2025020151,20,10,0,2.5,,,
8484186,2025020159,15,25,0,0.5,,,
8484186,2025020159,15,25,0,1.5,,,
8484186,2025020159,15,25,0,2.5,,,
8484203,2025020155,12,54,1,0.5,,,
8484203,2025020155,12,54,1,1.5,,,
8484203,2025020155,12,54,1,2.5,,,
8484223,2025020158,17,19,0,0.5,,,
8484223,2025020158,17,19,0,1.5,,,
8484223,2025020158,17,19,0,2.5,,,
8484227,2025020165,28,26,1,0.5,,,
8484227,2025020165,28,26,1,1.5,,,
8484227,2025020165,28,26,1,2.5,,,
8484240,2025020163,23,3,1,0.5,,,
8484240,2025020163,23,3,1,1.5,,,
8484240,2025020163,23,3,1,2.5,,,
8484241,2025020156,18,14,1,0.5,,,
8484241,2025020156,18,14,1,1.5,,,
8484241,2025020156,18,14,1,2.5,,,
8484258,2025020161,21,1,1,0.5,,,
8484258,2025020161,21,1,1,1.5,,,
8484258,2025020161,21,1,1,2.5,,,
8484304,2025020153,13,24,1,0.5,,,
8484304,2025020153,13,24,1,1.5,,,
8484304,2025020153,13,24,1,2.5,,,
8484321,2025020160,9,16,0,0.5,,,
8484321,2025020160,9,16,0,1.5,,,
8484321,2025020160,9,16,0,2.5,,,
8484386,2025020162,68,22,0,0.5,,,
8484386,2025020162,68,22,0,1.5,,,
8484386,2025020162,68,22,0,2.5,,,
8484387,2025020150,4,5,1,0.5,,,
8484387,2025020150,4,5,1,1.5,,,
8484387,2025020150,4,5,1,2.5,,,
8484471,2025020158,17,19,0,0.5,,,
8484471,2025020158,17,19,0,1.5,,,
8484471,2025020158,17,19,0,2.5,,,
8484762,2025020153,24,13,0,0.5,,,
8484762,2025020153,24,13,0,1.5,,,
8484762,2025020153,24,13,0,2.5,,,
8484768,2025020151,20,10,0,0.5,,,
8484768,2025020151,20,10,0,1.5,,,
8484768,2025020151,20,10,0,2.5,,,
8484783,2025020160,16,9,1,0.5,,,
8484783,2025020160,16,9,1,1.5,,,
8484783,2025020160,16,9,1,2.5,,,
8484798,2025020157,30,52,1,0.5,,,
8484798,2025020157,30,52,1,1.5,,,
8484798,2025020157,30,52,1,2.5,,,
8484800,2025020164,55,8,1,0.5,,,
8484800,2025020164,55,8,1,1.5,,,
8484800,2025020164,55,8,1,2.5,,,
8484801,2025020165,28,26,1,0.5,,,
8484801,2025020165,28,26,1,1.5,,,
8484801,2025020165,28,26,1,2.5,,,
8484806,2025020165,28,26,1,0.5,,,
8484806,2025020165,28,26,1,1.5,,,
8484806,2025020165,28,26,1,2.5,,,
8484829,2025020159,25,15,1,0.5,,,
8484829,2025020159,25,15,1,1.5,,,
8484829,2025020159,25,15,1,2.5,,,
8484911,2025020165,28,26,1,0.5,,,
8484911,2025020165,28,26,1,1.5,,,
8484911,2025020165,28,26,1,2.5,,,
8484958,2025020154,2,6,0,0.5,,,
8484958,2025020154,2,6,0,1.5,,,
8484958,2025020154,2,6,0,2.5,,,
8484984,2025020164,8,55,0,0.5,,,
8484984,2025020164,8,55,0,1.5,,,
8484984,2025020164,8,55,0,2.5,,,
8485402,2025020165,28,26,1,0.5,,,
8485402,2025020165,28,26,1,1.5,,,
8485402,2025020165,28,26,1,2.5,,,
8485414,2025020150,5,4,0,0.5,,,
8485414,2025020150,5,4,0,1.5,,,
8485414,2025020150,5,4,0,2.5,,,
8485493,2025020162,22,68,1,0.5,,,
8485493,2025020162,22,68,1,1.5,,,
8485493,2025020162,22,68,1,2.5,,,
8485702,2025020154,2,6,0,0.5,,,
8485702,2025020154,2,6,0,1.5,,,
8485702,2025020154,2,6,0,2.5,,,
