lane,period_type,period,rows,model_brier,model_log_loss,model_ece,model_accuracy,model_mean_probability,model_probability_sd,model_observed_rate,model_calibration_gap,betonline_brier,mean_separation
HITS_05_OVER,month,2026-05,1573,0.24490097016829052,0.6836578687341758,0.06119787476160203,0.5969485060394152,0.6044049567705022,0.06509195286927823,0.5969485060394152,-0.007456450731087028,0.24027921732835852,-0.01786685945569011
HITS_05_OVER,month,2026-06,2263,0.24533045416823243,0.6846671784195784,0.04194149005744587,0.586389748121962,0.6185731957578435,0.06445560720549472,0.586389748121962,-0.032183447635881546,0.2417210371833786,0.0051289741733014475
HITS_05_OVER,month,2026-07,4247,0.244466402033749,0.6824815516146877,0.045024808570755886,0.5900635742877325,0.5944553336472805,0.06731025994600756,0.5900635742877325,-0.004391759359548053,0.24002251370518932,-0.027000324186136557
HITS_05_OVER,month,2026-08,393,0.24124037806899745,0.6751872876754649,0.09173864122137407,0.5979643765903307,0.566898340966921,0.06405780404143961,0.5979643765903307,0.031066035623409705,0.23637637377288317,-0.04821162280754242
HITS_05_OVER,chronological_third,third_1,2826,0.24482940566661887,0.6834900252384001,0.049183215498938435,0.5927105449398443,0.6112124483368719,0.06593626350063345,0.5927105449398443,-0.01850190339702762,0.2406908742254019,-0.006332980654940837
HITS_05_OVER,chronological_third,third_2,2825,0.24383106207790584,0.6815611384991082,0.0319136934513274,0.5904424778761062,0.6153833394690266,0.06200998897191605,0.5904424778761062,-0.024940861592920416,0.23999902130376677,-0.0034215028846385828
HITS_05_OVER,chronological_third,third_3,2825,0.24522395436882477,0.6837842047655583,0.05346240141592922,0.5890265486725663,0.5777906817699116,0.06711987917821383,0.5890265486725663,0.011235866902654768,0.2403737348170085,-0.043381414857181846
HITS_05_UNDER,month,2026-05,602,0.2482568285837226,0.6896609193009798,0.021416872093023235,0.5348837209302325,0.5563005930232559,0.04329908788427439,0.5348837209302325,-0.021416872093023342,0.2532004181847773,0.1099490280884073
HITS_05_UNDER,month,2026-06,255,0.24697901856656862,0.6870080022085057,0.031151964705882367,0.5254901960784314,0.5354719490196078,0.02995320839971265,0.5254901960784314,-0.009981752941176425,0.2543787158037337,0.07661932979535299
HITS_05_UNDER,month,2026-07,1525,0.25249374364535215,0.6981465753223048,0.07911359475409832,0.44721311475409836,0.5263267095081967,0.023438516962404555,0.44721311475409836,-0.07911359475409835,0.24367887268802585,0.09887817511844821
HITS_05_UNDER,month,2026-08,214,0.2532544742557384,0.6996582579348415,0.09995825233644867,0.42990654205607476,0.5246778691588785,0.024608531716742234,0.42990654205607476,-0.09477132710280373,0.23640600312567808,0.09389229744390584
HITS_05_UNDER,chronological_third,third_1,866,0.24763363965307508,0.6883842370076005,0.014084638568129321,0.535796766743649,0.5498769457274827,0.040821759897876425,0.535796766743649,-0.014080178983833735,0.2540698031614286,0.10005135728912656
HITS_05_UNDER,chronological_third,third_2,865,0.25248540770861266,0.6981453149933808,0.07109266358381501,0.45664739884393063,0.5277400624277456,0.025855190286877976,0.45664739884393063,-0.071092663583815,0.24572662747104568,0.09764284301869122
HITS_05_UNDER,chronological_third,third_3,865,0.2529815809066509,0.699106198646328,0.09855646127167626,0.42890173410404625,0.5244844057803467,0.020993832975632457,0.42890173410404625,-0.09558267167630047,0.23920971964748083,0.09884841397932265
HITS_15_OVER,month,2026-05,22,0.2695848643189091,0.7327553881565799,0.13280372727272724,0.4090909090909091,0.5418946363636364,0.03091004748613371,0.4090909090909091,-0.13280372727272732,0.23791318056699504,0.18654158268392404
HITS_15_OVER,month,2026-06,54,0.2655829380039074,0.7245112972993583,0.2168973148148148,0.3148148148148148,0.5317121296296297,0.025356735267895964,0.3148148148148148,-0.21689731481481483,0.21410440958381785,0.18638020758845109
HITS_15_OVER,month,2026-07,85,0.27286249694160003,0.7393162905908093,0.27895931764705884,0.25882352941176473,0.5377828470588235,0.0343896427340647,0.25882352941176473,-0.2789593176470588,0.20143554897296626,0.18136155705853557
HITS_15_OVER,month,2026-08,3,0.28010875768866667,0.753502472968477,0.5290153333333334,0.0,0.5290153333333334,0.015859848261849458,0.0,-0.5290153333333334,0.1078865484489948,0.20075181786985377
HITS_15_OVER,chronological_third,third_1,55,0.2725647232097273,0.7386459446869182,0.26668140000000007,0.2727272727272727,0.5394086727272728,0.02949372346113632,0.2727272727272727,-0.26668140000000007,0.20298298429913525,0.19080738826774973
HITS_15_OVER,chronological_third,third_2,55,0.2615488442842727,0.7163767040712361,0.16545838181818187,0.36363636363636365,0.5290947454545455,0.02944075836363792,0.36363636363636365,-0.16545838181818184,0.23065739032033097,0.16990716312306375
HITS_15_OVER,chronological_third,third_3,54,0.2764766290399815,0.7466736116858493,0.299352537037037,0.24074074074074073,0.5400932777777778,0.03319737225177378,0.24074074074074073,-0.2993525370370371,0.19242942211071346,0.1916135834428339
HITS_15_UNDER,month,2026-05,262,0.21345561897400384,0.619407710766288,0.1364543320610687,0.7442748091603053,0.6322157137404579,0.0694289271305702,0.7442748091603053,0.11205909541984738,0.19589502347593482,-0.055661250023773964
HITS_15_UNDER,month,2026-06,351,0.22852426169333334,0.6495038418780988,0.0878157891737892,0.6752136752136753,0.5945646894586895,0.05719609896249477,0.6752136752136753,0.0806489857549858,0.22007422528818102,-0.0874422427453719
HITS_15_UNDER,month,2026-07,704,0.22166946801192752,0.6356125648208636,0.08869670312499997,0.6946022727272727,0.6105429502840909,0.06018714663718204,0.6946022727272727,0.08405932244318182,0.21254636304592822,-0.07349706089924206
HITS_15_UNDER,month,2026-08,65,0.20416097589280002,0.5979891323339485,0.09598676923076924,0.7230769230769231,0.6270901538461539,0.05657608420123792,0.7230769230769231,0.09598676923076921,0.21275768928036934,-0.05015706704870017
HITS_15_UNDER,chronological_third,third_1,461,0.22011191949747072,0.632772402809013,0.11505246420824294,0.7158351409978309,0.6168265596529283,0.06581591571055674,0.7158351409978309,0.09900858134490254,0.20598057613211818,-0.06765373827452428
HITS_15_UNDER,chronological_third,third_2,461,0.2284125784804013,0.6493127317522063,0.10737536008676792,0.6789587852494577,0.5975814859002169,0.060242823776680623,0.6789587852494577,0.08137729934924087,0.21770117725761234,-0.08417483297909109
HITS_15_UNDER,chronological_third,third_3,460,0.21455078993734567,0.6207825237453316,0.08953164999999992,0.7065217391304348,0.6197254586956523,0.058894435029647224,0.7065217391304348,0.08679628043478249,0.2102503267429091,-0.06583618172428163
