player_id,game_id,team_id,opponent_id,is_home,game_date,season,p_over_1_5,p_over_2_5,p_over_3_5,p_0_1,p_2,p_3,p_4p
8474013,2025020825,68,14,f,2026-01-26,2025,0.2905804495030454,0.05806686068126904,0.00651577784961165,0.7780000598980187,0.1475328854061098,0.0614354989966481,0.0130315556992233
8474151,2025020825,14,68,t,2026-01-26,2025,0.32739420714387507,0.06838381853148236,0.010300894831816,0.7043725446163593,0.2014130098100375,0.073612655909971,0.020601789663632
8475167,2025020825,14,68,t,2026-01-26,2025,0.3395489010328994,0.12428318115252542,0.0134500224640607,0.6800631568383106,0.1953374230053987,0.0976993752281691,0.0269000449281214
8476453,2025020825,14,68,t,2026-01-26,2025,0.3554695953422868,0.13589670951092175,0.01828148636775065,0.6482217682195359,0.2039517549073808,0.1112635041375819,0.0365629727355013
8476826,2025020825,14,68,t,2026-01-26,2025,0.32220767022934776,0.07580434471038336,0.0103854061317043,0.714745618445414,0.1862772710811877,0.0782062982099897,0.0207708122634086
8476874,2025020825,68,14,f,2026-01-26,2025,0.29457748231978564,0.0260575345195928,0.00642998859529145,0.7700059942645382,0.1778789366962762,0.0392550918486026,0.0128599771905829
8476878,2025020825,14,68,t,2026-01-26,2025,0.29112075010968985,0.0295462974526123,0.00714956836975005,0.7769194586847298,0.1639879464100455,0.0447934581657245,0.0142991367395001
8477021,2025020825,68,14,f,2026-01-26,2025,0.30098965341039474,0.12150716184032093,0.0106328813432878,0.7571816520833201,0.1237709663847983,0.0977816188453058,0.0212657626865756
8477070,2025020825,68,14,f,2026-01-26,2025,0.28565988828151323,0.0678038399036117,0.0131577589617775,0.784612426826804,0.1223330848553342,0.0667389703943066,0.026315517923555
8477220,2025020825,68,14,f,2026-01-26,2025,0.32088780656774313,0.12534491248026647,0.00968052057166965,0.7173853457686232,0.1558917714196041,0.1073618416684332,0.0193610411433393
8477404,2025020825,14,68,t,2026-01-26,2025,0.3591044364002127,0.1315662534136038,0.01821990475692325,0.6409520861036841,0.2198823492178685,0.1027257551646008,0.0364398095138465
8477416,2025020825,14,68,t,2026-01-26,2025,0.33953301865275587,0.1302719802027547,0.02027898151006795,0.6800949215985979,0.1833280601446531,0.0960190552366131,0.0405579630201359
8477426,2025020825,14,68,t,2026-01-26,2025,0.3409781686908028,0.10588697136520869,0.01434060437789035,0.677204621522504,0.2077956292954657,0.0863185404262495,0.0286812087557807
8477951,2025020825,68,14,f,2026-01-26,2025,0.36252815489078316,0.15183158061252555,0.021855878273877,0.6341046491225433,0.1861991318011659,0.1359844625285367,0.043711756547754
8478010,2025020825,14,68,t,2026-01-26,2025,0.34148616358784933,0.12634209916913597,0.0160746630791646,0.6761886317284109,0.1950941120820774,0.0965679300311823,0.0321493261583292
8478178,2025020825,14,68,t,2026-01-26,2025,0.3108080141364283,0.0787535738653424,0.010792061489414,0.7375449306312529,0.1575795005854306,0.0832914458044883,0.021584122978828
8478416,2025020825,14,68,t,2026-01-26,2025,0.3113665850795567,0.06733946474816505,0.0115298603661958,0.736427788744996,0.1714464732480355,0.0690660172745768,0.0230597207323916
8478474,2025020825,68,14,f,2026-01-26,2025,0.3243109558921669,0.13050887071936162,0.01522705472467955,0.7105390471197757,0.1524101535902614,0.1065966898406038,0.0304541094493591
8478507,2025020825,68,14,f,2026-01-26,2025,0.29916773358807924,0.0683512618476356,0.0071838387892975,0.760825491727951,0.1450251760661395,0.0797816546273144,0.014367677578595
8478519,2025020825,14,68,t,2026-01-26,2025,0.31198044136964254,0.06815927626623805,0.0106756853623805,0.7352000761648245,0.171034562792061,0.0724139903183534,0.021351370724761
8478831,2025020825,68,14,f,2026-01-26,2025,0.27171545028209865,0.05568737085252698,0.00713657865771205,0.8006551209411791,0.1296368040204335,0.0554349177229632,0.0142731573154241
8479293,2025020825,68,14,f,2026-01-26,2025,0.3117645320466095,0.0966522677080992,0.01035363431652185,0.7356318948108906,0.1567778554871967,0.0868829810688689,0.0207072686330437
8479343,2025020825,68,14,f,2026-01-26,2025,0.36588115488279516,0.1631083867206019,0.0244997320602872,0.6273986491385193,0.1703515195690372,0.153250367171869,0.0489994641205744
8479410,2025020825,68,14,f,2026-01-26,2025,0.3085848997004789,0.1057631708837772,0.0121714903287992,0.7419911595031516,0.1432566922776809,0.0904091675615688,0.0243429806575984
8479542,2025020825,14,68,t,2026-01-26,2025,0.3383135916446738,0.12363991087622206,0.0150389187131304,0.682533775614762,0.1941533447815541,0.093235042177423,0.0300778374262608
8479619,2025020825,68,14,f,2026-01-26,2025,0.3347168170830096,0.13326631800116662,0.01455537581346225,0.6897273247380903,0.1677069814083367,0.1134549422266484,0.0291107516269245
8479977,2025020825,68,14,f,2026-01-26,2025,0.2895862199178634,0.058128716222577884,0.01012513360022515,0.7799885190683827,0.1454207151531281,0.0543404985780387,0.0202502672004503
8480084,2025020825,68,14,f,2026-01-26,2025,0.2916365187424935,0.054317139503482936,0.0088459888308085,0.7758879214191224,0.1571444662405783,0.0492756346786822,0.017691977661617
8480426,2025020825,14,68,t,2026-01-26,2025,0.308953342644863,0.02356832736754435,0.0080825576327539,0.7412542736143835,0.2116090716505277,0.0309715394695808,0.0161651152655078
8480434,2025020825,68,14,f,2026-01-26,2025,0.34929953005487013,0.1495387335977219,0.01835393795028855,0.6605618987943693,0.1643275761589471,0.1384026491461064,0.0367078759005771
8480849,2025020825,68,14,f,2026-01-26,2025,0.3772045516184833,0.14162607200338445,0.01950149109405255,0.604751855667143,0.2359629424748484,0.1202822196699035,0.0390029821881051
8480855,2025020825,68,14,f,2026-01-26,2025,0.3108718447915121,0.0653348961791328,0.0105094420469871,0.7374172693210852,0.1744661298100108,0.0670977167749297,0.0210188840939742
8480876,2025020825,14,68,t,2026-01-26,2025,0.30553737944519327,0.02383095472080875,0.00848270798813165,0.748086200013723,0.2042518905446594,0.0306964934653542,0.0169654159762633
8480995,2025020825,14,68,t,2026-01-26,2025,0.2938236022127997,0.06436282230786736,0.01095606685706785,0.7715137544785102,0.1423137923951168,0.0642603194122372,0.0219121337141357
8481719,2025020825,14,68,t,2026-01-26,2025,0.3223514912295087,0.056610640414061386,0.01102964841187355,0.714457976445092,0.2139874093934518,0.0494953173377089,0.0220592968237471
8482090,2025020825,14,68,t,2026-01-26,2025,0.3025756592526361,0.03172454261897615,0.00794382070632685,0.7540096403988374,0.1825412743632102,0.0475614438252985,0.0158876414126537
8482175,2025020825,68,14,f,2026-01-26,2025,0.405525561006978,0.1621684279817016,0.05719797608913944,0.5481098368901536,0.2515202492952035,0.1416924367096777,0.0586774771049651
8482201,2025020825,14,68,t,2026-01-26,2025,0.31948025962046206,0.06773925190583745,0.0113665077363272,0.7202004396631854,0.1868742480145013,0.0701922968496587,0.0227330154726544
8482655,2025020825,14,68,t,2026-01-26,2025,0.3025228465468001,0.05989214743595288,0.00681807429544525,0.7541152658105092,0.1677671059842516,0.0644814796143486,0.0136361485908905
8482699,2025020825,68,14,f,2026-01-26,2025,0.35108501681463145,0.13619847652329242,0.01980511143866885,0.6569909252748466,0.1945790638273288,0.1088197880204868,0.0396102228773377
8482929,2025020825,14,68,t,2026-01-26,2025,0.288838506077624,0.0278995477998323,0.00547633591448865,0.7814839467488615,0.1627169576514738,0.0448464237706873,0.0109526718289773
8483398,2025020825,14,68,t,2026-01-26,2025,0.3233463056281728,0.03223837152236875,0.0113929994066528,0.712468347647764,0.2230549093074985,0.0416907442314318,0.0227859988133056
8483431,2025020825,68,14,f,2026-01-26,2025,0.3718533654936839,0.14417237138741978,0.0245647867471292,0.6154542279167416,0.2201679714571791,0.1152482271318208,0.0491295734942584
8483752,2025020825,14,68,t,2026-01-26,2025,0.3064850003586864,0.0240780458774913,0.00817758479814865,0.7461909581867368,0.2056529500582806,0.0318009221586852,0.0163551695962973
8484388,2025020825,68,14,f,2026-01-26,2025,0.30625131958463725,0.0239643299759472,0.0083692000208684,0.7466583197348351,0.2054130203132704,0.0311902599101576,0.0167384000417368
8475842,2025020826,3,6,t,2026-01-26,2025,0.31744157921504246,0.0677385509571852,0.01418989439761695,0.7242778004740247,0.1827982891009665,0.0645441216297748,0.0283797887952339
8476374,2025020826,6,3,f,2026-01-26,2025,0.31307799543932757,0.13403454339746862,0.0143518243771229,0.7330049680254543,0.1228928873283687,0.115398495891931,0.0287036487542458
8476389,2025020826,3,6,t,2026-01-26,2025,0.37518303752597615,0.1466196746793554,0.057771855489913995,0.6087948838521573,0.2219327089378922,0.1094471713034363,0.0598252359065142
8476459,2025020826,3,6,t,2026-01-26,2025,0.3759749359019753,0.14995838181928983,0.05788052670409214,0.6072110871001589,0.2168390914100217,0.1159072431549488,0.0600425783348705
8476468,2025020826,3,6,t,2026-01-26,2025,0.3710974355147597,0.13811578337144537,0.02575375114867085,0.6169660878745902,0.2307692875312794,0.1007571222967886,0.0515075022973417
8476854,2025020826,6,3,f,2026-01-26,2025,0.33648026062042563,0.06431023172473806,0.01038422596525065,0.6862004376632582,0.2277322903766272,0.065298820029613,0.0207684519305013
8477369,2025020826,3,6,t,2026-01-26,2025,0.36310963819654984,0.1296182348070552,0.02188268623504695,0.6329416825110099,0.2317887900236399,0.0915041549952561,0.0437653724700939
8477380,2025020826,3,6,t,2026-01-26,2025,0.33750853889364485,0.07631447159750152,0.01552470250018275,0.6841438811168199,0.2158587546355454,0.0689479592472691,0.0310494050003655
8477496,2025020826,6,3,f,2026-01-26,2025,0.3573568611346256,0.13801896032539018,0.0149680821111725,0.6444472366348583,0.2034817848631217,0.1221348142796749,0.029936164222345
8477507,2025020826,6,3,f,2026-01-26,2025,0.31594660015894327,0.09842034026582405,0.0092973715231791,0.7272677585862231,0.1616058465964145,0.0925316517710042,0.0185947430463582
8477839,2025020826,3,6,t,2026-01-26,2025,0.29623149407142413,0.02777492249652435,0.00748939702357675,0.7666979707612612,0.17775218424569,0.0405710509458952,0.0149787940471535
8477956,2025020826,6,3,f,2026-01-26,2025,0.3672374764374411,0.14860925881277,0.01633844762090185,0.6246860060292274,0.2020624184939929,0.1405746802349759,0.0326768952418037
8478042,2025020826,6,3,f,2026-01-26,2025,0.3450153715373289,0.13129384942561884,0.01633505510063045,0.6691302158294516,0.1922490274680709,0.1059506465012164,0.0326701102012609
8478401,2025020826,6,3,f,2026-01-26,2025,0.31685795528455973,0.12436849664214367,0.0093957584155259,0.7254450483349899,0.149784900529483,0.1059785343044751,0.0187915168310518
8478550,2025020826,3,6,t,2026-01-26,2025,0.38423749737956214,0.15117485002920591,0.05952890032622189,0.5906859641449853,0.2309312779453631,0.1150434323305215,0.06333932557913
8478840,2025020826,3,6,t,2026-01-26,2025,0.3428869584878108,0.07804585804762276,0.0174343004263579,0.673387041928488,0.2231528209236349,0.0685915362951612,0.0348686008527158
8478882,2025020826,3,6,t,2026-01-26,2025,0.351875253150958,0.14143281332987745,0.0186280843385288,0.6554104526021934,0.1856908628868119,0.1216425158339369,0.0372561686770576
8479323,2025020826,3,6,t,2026-01-26,2025,0.35598408713371227,0.13514040863205778,0.0225297413149225,0.647192784636685,0.2064933402479597,0.1012543924855101,0.045059482629845
8479325,2025020826,6,3,f,2026-01-26,2025,0.32244189854524874,0.13091363770691292,0.01504964257084755,0.7142771618136119,0.1478625049213225,0.1077610481233704,0.0300992851416951
8479369,2025020826,6,3,f,2026-01-26,2025,0.30024692744637277,0.07888279393619771,0.00751719921904425,0.758667104011364,0.136198887063609,0.0900996104869385,0.0150343984380885
8479390,2025020826,3,6,t,2026-01-26,2025,0.30619875241363986,0.0611319101541246,0.0099931957337922,0.7467634540768298,0.1735259171042826,0.0597242373513031,0.0199863914675844
8479591,2025020826,6,3,f,2026-01-26,2025,0.316421892811622,0.12411981087111112,0.01426867802723975,0.7263171732808655,0.1494101471256724,0.0957353235389824,0.0285373560544795
8479661,2025020826,6,3,f,2026-01-26,2025,0.31214281555229095,0.062381167489521605,0.01101990994841265,0.7348753277995277,0.1829155287107908,0.0601693235928562,0.0220398198968253
8479987,2025020826,6,3,f,2026-01-26,2025,0.3517178735462496,0.13248943474664038,0.0144180658721055,0.6557252118116104,0.2032628608438692,0.1121757956003093,0.028836131744211
8479999,2025020826,6,3,f,2026-01-26,2025,0.3163059699469849,0.12546267037959635,0.00911708756711685,0.7265490190101396,0.1464925823794279,0.1087242234761987,0.0182341751342337
8480001,2025020826,3,6,t,2026-01-26,2025,0.3058519280131663,0.09630358459387671,0.0101601542844165,0.7474571028777768,0.1456500136487553,0.0865725749046347,0.020320308568833
8480035,2025020826,6,3,f,2026-01-26,2025,0.30902747499768496,0.07676173139761046,0.00863589805622905,0.7411060089087396,0.1580021072434078,0.0836200877353944,0.0172717961124581
8480355,2025020826,6,3,f,2026-01-26,2025,0.2799868675759964,0.0286221186368682,0.00649700369341605,0.7857052771936861,0.1570504855325774,0.0442502298869043,0.0129940073868321
8481219,2025020826,6,3,f,2026-01-26,2025,0.3087166898721612,0.0241281606609213,0.0076075798150836,0.741727579159787,0.2100160995183703,0.0330411616916753,0.0152151596301672
8481525,2025020826,3,6,t,2026-01-26,2025,0.3040789762809241,0.02453739928020935,0.0080829570294724,0.7510030063422612,0.1999221950973199,0.0329088845014739,0.0161659140589448
8481726,2025020826,3,6,t,2026-01-26,2025,0.2745279843730915,0.054761759844671035,0.00790395105986835,0.796623043599496,0.1355201033778285,0.0520489509029386,0.0158079021197367
8482073,2025020826,3,6,t,2026-01-26,2025,0.3032590860008474,0.07443547578269735,0.0114059685618409,0.7526427869024146,0.1511178404795589,0.0734274354943445,0.0228119371236818
8482109,2025020826,3,6,t,2026-01-26,2025,0.32641075300594863,0.09876704510449422,0.01359931180193045,0.7063394528922122,0.1818407426130849,0.0846211808908417,0.0271986236038609
8482157,2025020826,3,6,t,2026-01-26,2025,0.36414545329780423,0.13142853575835195,0.02296159833494615,0.6308700523085009,0.2302398183235553,0.0929669326980513,0.0459231966698923
8482177,2025020826,6,3,f,2026-01-26,2025,0.30795564378529916,0.062589620804784,0.00672915055216,0.7432496713335113,0.1741242785462823,0.0691677490158863,0.01345830110432
8482460,2025020826,3,6,t,2026-01-26,2025,0.2968505502761084,0.05525551183719293,0.0084514215050604,0.7654598583518927,0.1656957846403881,0.0519415139975983,0.0169028430101208
8482511,2025020826,6,3,f,2026-01-26,2025,0.3314432589851165,0.13263713885211276,0.01249781232380175,0.6962744409338765,0.1624182235106582,0.1163117109078617,0.0249956246476035
8482634,2025020826,6,3,f,2026-01-26,2025,0.291479842395866,0.0273553392723154,0.0074817914864762,0.7762012741123776,0.1690880473429915,0.0397470955716784,0.0149635829729524
8482666,2025020826,3,6,t,2026-01-26,2025,0.3002641802661521,0.06470321577688135,0.01191014064629615,0.7586325983718053,0.1545141615637937,0.0630329587718086,0.0238202812925923
8482747,2025020826,3,6,t,2026-01-26,2025,0.3337541171486929,0.0672497735529015,0.01553747135246385,0.6916527246067237,0.2164009197768349,0.0608714129115136,0.0310749427049277
8483489,2025020826,6,3,f,2026-01-26,2025,0.32454701871027486,0.0626069703182896,0.00974137952596705,0.7100669214835598,0.2072723293692226,0.0631779900952834,0.0194827590519341
8483690,2025020826,3,6,t,2026-01-26,2025,0.3082548182572725,0.02304954068521925,0.00858452231085505,0.7426513223895644,0.211249596239997,0.0289300367487283,0.0171690446217101
8484210,2025020826,3,6,t,2026-01-26,2025,0.3196506269879854,0.056053090141471626,0.00951478453226225,0.7198597049281388,0.2097007814555845,0.0514099445517521,0.0190295690645245
8475151,2025020827,2,4,f,2026-01-26,2025,0.35667055669460024,0.1504557814090981,0.0189032559041384,0.6458198455149089,0.1772355338156551,0.139138108861159,0.0378065118082768
8475231,2025020827,2,4,f,2026-01-26,2025,0.35610555959949375,0.13610493701442739,0.01729025166517365,0.6469498397051221,0.2048072284147835,0.113662428549747,0.0345805033303473
8475235,2025020827,4,2,t,2026-01-26,2025,0.2925262972908801,0.04304170155241183,0.0117082340617557,0.7741083643223493,0.160317806671317,0.0421573608828221,0.0234164681235114
8475314,2025020827,2,4,f,2026-01-26,2025,0.36760140477222025,0.15987466289146218,0.02024507833920065,0.623958149359669,0.180259467006167,0.1552922269557626,0.0404901566784013
8476372,2025020827,4,2,t,2026-01-26,2025,0.30167203445703034,0.0745290685284089,0.01121408007795785,0.7558168899900488,0.1477565519005017,0.0739983979535336,0.0224281601559157
8476419,2025020827,2,4,f,2026-01-26,2025,0.35571508658964607,0.133558431871586,0.01706587436891815,0.6477307857248173,0.2091192926807709,0.1090181728565753,0.0341317487378363
8476429,2025020827,2,4,f,2026-01-26,2025,0.30484213896684276,0.05616867016862803,0.00964832309790625,0.7494766809704241,0.1798526453589865,0.0513740274747769,0.0192966461958125
8476461,2025020827,4,2,t,2026-01-26,2025,0.3439485426800036,0.1265203161752072,0.01587095336429655,0.6712638735441023,0.1996624362542434,0.097331783473061,0.0317419067285931
8476917,2025020827,2,4,f,2026-01-26,2025,0.33305617830012546,0.13117337008652022,0.01714116115604915,0.6930486023038587,0.1685715996718612,0.1040974757121817,0.0342823223120983
8477407,2025020827,2,4,f,2026-01-26,2025,0.3463828568353132,0.1266250437387101,0.0173159237826334,0.666395245233483,0.204321609437857,0.094651297763393,0.0346318475652668
8477494,2025020827,2,4,f,2026-01-26,2025,0.31638795381070495,0.12378283661233737,0.02015177011999735,0.7263850512826996,0.1500162176413859,0.0832951908359196,0.0403035402399947
8477499,2025020827,4,2,t,2026-01-26,2025,0.3490287566179512,0.12506971111135176,0.01604422460256735,0.6611034456682071,0.2127240742578496,0.0940840308688084,0.0320884492051347
8477500,2025020827,2,4,f,2026-01-26,2025,0.38976977446137157,0.15764055374035596,0.0258392348864826,0.5796214099813664,0.229064424686682,0.1396356955589864,0.0516784697729652
8477506,2025020827,2,4,f,2026-01-26,2025,0.3285820863133302,0.08614858786857722,0.0104591599467431,0.701996786277449,0.1923349515426984,0.0847499422863662,0.0209183198934862
8477903,2025020827,4,2,t,2026-01-26,2025,0.3006147621701376,0.0675613081079426,0.01378332940871625,0.7579314345638343,0.1494991407096421,0.065002765909091,0.0275666588174325
8477948,2025020827,4,2,t,2026-01-26,2025,0.3375115407837492,0.12393297462011157,0.014960176811932,0.6841378773366111,0.191963115571926,0.0939786534675987,0.029920353623864
8477950,2025020827,2,4,f,2026-01-26,2025,0.34890025743912034,0.12961605738525428,0.0174308503891635,0.6613604440258688,0.203374383352383,0.1004034718434211,0.034861700778327
8477989,2025020827,4,2,t,2026-01-26,2025,0.31632128672691484,0.12161522458639357,0.0127596711856541,0.7265183854502799,0.1542181075256933,0.0937441646527185,0.0255193423713082
8478439,2025020827,4,2,t,2026-01-26,2025,0.35760693156526324,0.13863201566153402,0.0178898418087686,0.6439470957735831,0.2027558150521092,0.1175174055567705,0.0357796836175372
8478445,2025020827,2,4,f,2026-01-26,2025,0.3531386827769072,0.12462078751435322,0.0155900666338658,0.6528835933502952,0.2218417737697586,0.0940944996122145,0.0311801332677316
8478454,2025020827,4,2,t,2026-01-26,2025,0.27667257151508595,0.01998429779933695,0.00607533383117125,0.7923338693155071,0.167697535085819,0.0278179279363313,0.0121506676623425
8478967,2025020827,4,2,t,2026-01-26,2025,0.30461440474818435,0.02334111741111415,0.00896855403812425,0.7499321494077408,0.2033856157700309,0.0287451267459797,0.0179371080762485
8479022,2025020827,4,2,t,2026-01-26,2025,0.27402255871168596,0.02192253135668295,0.00681736199951755,0.7976338949223071,0.1585210423643269,0.0302103387143308,0.0136347239990351
8479336,2025020827,4,2,t,2026-01-26,2025,0.30751194706516305,0.05977529000787088,0.0108598540969238,0.7441370647737833,0.1779790218771414,0.0561642051552275,0.0217197081938476
8480015,2025020827,4,2,t,2026-01-26,2025,0.3522469936032241,0.13294288610586397,0.0176225291847728,0.6546669716976613,0.203414198239371,0.106673771693422,0.0352450583695456
8480220,2025020827,4,2,t,2026-01-26,2025,0.3067358895283814,0.0639659360124216,0.0099033800619197,0.7456891798473468,0.1689321396171716,0.0655719204116421,0.0198067601238394
8480871,2025020827,2,4,f,2026-01-26,2025,0.3160588517818237,0.07503913729693215,0.0129613220972295,0.7270432553404621,0.1755100490130419,0.0715240514520369,0.025922644194459
8481014,2025020827,2,4,f,2026-01-26,2025,0.3154065922839068,0.0790370906914799,0.01317563501299065,0.7283477743362959,0.1662096232281126,0.0790913324096101,0.0263512700259813
8481237,2025020827,2,4,f,2026-01-26,2025,0.2746837502506017,0.06146228400539365,0.00986162990312155,0.7963115118444756,0.1233171116340987,0.0606481167151825,0.0197232598062431
8481533,2025020827,4,2,t,2026-01-26,2025,0.3154505800761106,0.09536809881616379,0.01322779501822855,0.7282597987518884,0.165784273739713,0.0795003374719414,0.0264555900364571
8481546,2025020827,4,2,t,2026-01-26,2025,0.29895576539755175,0.0690758867176323,0.0083367024168425,0.7612494281090061,0.143151989945091,0.0789251771122178,0.016673404833685
8481553,2025020827,4,2,t,2026-01-26,2025,0.3273967633237218,0.10617444306668405,0.01480453231927335,0.704367432256666,0.1800578751583529,0.0859656279464343,0.0296090646385467
8481601,2025020827,2,4,f,2026-01-26,2025,0.36207690799336845,0.14205691201778917,0.0179914741097909,0.6350071429173727,0.2048459751958092,0.1241639336672362,0.0359829482195818
8482126,2025020827,4,2,t,2026-01-26,2025,0.30032830663857957,0.06454606874308336,0.0090185880126022,0.7585043456269503,0.1549567083762446,0.0685017699716006,0.0180371760252044
8482142,2025020827,4,2,t,2026-01-26,2025,0.31458161919840716,0.1256546479787084,0.0150338115165384,0.7299977205072952,0.1426599256840483,0.0972747307755796,0.0300676230330768
8482159,2025020827,4,2,t,2026-01-26,2025,0.3287502352784868,0.1069121823727859,0.0136472493390617,0.7016604883471359,0.1812893404556793,0.0897556725190612,0.0272944986781234
8482476,2025020827,2,4,f,2026-01-26,2025,0.3020604165769811,0.0673910130849443,0.0076460536588724,0.7550401257501473,0.1527310395693257,0.0769367273627821,0.0152921073177448
8483553,2025020827,2,4,f,2026-01-26,2025,0.31287956534937816,0.09829038069805002,0.0163986604541686,0.7334018282053532,0.1557316961128325,0.0780691547734771,0.0327973209083372
8483733,2025020827,4,2,t,2026-01-26,2025,0.30010532293200576,0.0242924393110348,0.0066325123101234,0.758950313040098,0.1924648083378323,0.0353198540018228,0.0132650246202468
8484142,2025020827,4,2,t,2026-01-26,2025,0.29918569479200563,0.02387957669661755,0.0083714975248468,0.7607895693200982,0.1914512772866666,0.0310161583435414,0.0167429950496936
8484221,2025020827,2,4,f,2026-01-26,2025,0.3462637499486937,0.12601357995599438,0.0221943956131195,0.6666334590067222,0.2053063232300493,0.0836714265369893,0.044388791226239
8484387,2025020827,4,2,t,2026-01-26,2025,0.3525110396365234,0.13409861922139282,0.01662764945358165,0.6541388796310627,0.201630824074912,0.1109749973868619,0.0332552989071633
8484958,2025020827,2,4,f,2026-01-26,2025,0.34992400788700995,0.12767885906971901,0.01565232365363925,0.6593129431300897,0.2092962808792325,0.1000861286833991,0.0313046473072785
8485366,2025020827,2,4,f,2026-01-26,2025,0.3087166898721612,0.02360086927534115,0.0084898487152806,0.741727579159787,0.2110706822895306,0.030222041120121,0.0169796974305612
8485702,2025020827,2,4,f,2026-01-26,2025,0.30625131958463725,0.0239643299759472,0.0077333994542532,0.7466583197348351,0.2054130203132704,0.032461861043388,0.0154667989085064
8470621,2025020828,26,29,f,2026-01-26,2025,0.3954702454256863,0.14678251182308133,0.0231644801372106,0.568220468052737,0.2621814504498607,0.123269121222981,0.0463289602744212
8471685,2025020828,26,29,f,2026-01-26,2025,0.3475850637841178,0.1393695987701072,0.01478156606934615,0.663990831335874,0.1812369132726718,0.1252091232527618,0.0295631321386923
8474090,2025020828,29,26,t,2026-01-26,2025,0.30228912805899255,0.06714449030199585,0.01247267709956815,0.7545827027861245,0.1536815080992455,0.0667904349154936,0.0249453541991363
8474563,2025020828,26,29,f,2026-01-26,2025,0.3379087167381312,0.13707695960587002,0.0172657642029534,0.683343525427847,0.1664694975091732,0.1156554486570728,0.0345315284059068
8475208,2025020828,26,29,f,2026-01-26,2025,0.2959804700138239,0.0631822589996203,0.00839799734971395,0.7672000188764617,0.1489886546136593,0.0670153318104509,0.0167959946994279
8475745,2025020828,29,26,t,2026-01-26,2025,0.3063866660800704,0.12216553441644337,0.01881601947165545,0.7463876267439686,0.1332482465719048,0.0827320877408155,0.0376320389433109
8475790,2025020828,29,26,t,2026-01-26,2025,0.311691145832243,0.06539017200345605,0.01159892849806665,0.7357786672396236,0.175994180242826,0.0650292955214171,0.0231978569961333
8476432,2025020828,29,26,t,2026-01-26,2025,0.3375166427922044,0.13950206671925716,0.0205480610297311,0.6841276733197007,0.1608351353905452,0.1139410692302917,0.0410961220594622
8476441,2025020828,26,29,f,2026-01-26,2025,0.30354410368620094,0.07701188203369977,0.0092730281259689,0.7520727515317076,0.1465350633482611,0.0828461288680933,0.0185460562519378
8476469,2025020828,26,29,f,2026-01-26,2025,0.30335579979622496,0.0632221540565263,0.00840037850892845,0.7524493593116596,0.1636595240646494,0.067090359605834,0.0168007570178569
8476867,2025020828,29,26,t,2026-01-26,2025,0.2918073588606697,0.0271309761774256,0.0075312296732765,0.77554624118277,0.1701918064623787,0.0391994930082981,0.015062459346553
8476879,2025020828,26,29,f,2026-01-26,2025,0.2855948072962501,0.05914075843712824,0.0090357639679265,0.7847425887973303,0.1386425609950798,0.0585433222717367,0.018071527935853
8476923,2025020828,29,26,t,2026-01-26,2025,0.3292591964814783,0.13357123375342028,0.0170537710465173,0.700642565941153,0.1561819087007668,0.1090679832650455,0.0341075420930346
8477425,2025020828,29,26,t,2026-01-26,2025,0.32901955041441755,0.09602611562076596,0.0155573316923515,0.7011218580752745,0.1925401963974793,0.0752232821425432,0.031114663384703
8477497,2025020828,29,26,t,2026-01-26,2025,0.34989462420544737,0.1456540899586835,0.0190068237787563,0.6593717104932147,0.1732870517381785,0.1293275902110941,0.0380136475575126
8477942,2025020828,26,29,f,2026-01-26,2025,0.3959637419345371,0.1567677316226167,0.02242097246518095,0.5672334750350354,0.2431980038684915,0.1447265761661111,0.0448419449303619
8477960,2025020828,26,29,f,2026-01-26,2025,0.3933528843987734,0.16766612020519836,0.02423117655656055,0.5724551901065627,0.2161795116318008,0.1629029451485153,0.0484623531131211
8477998,2025020828,26,29,f,2026-01-26,2025,0.3632048150873339,0.14866936051999902,0.01988351352717575,0.6327513287294417,0.1938768923793205,0.1336047518368862,0.0397670270543515
8478046,2025020828,29,26,t,2026-01-26,2025,0.30563648134057875,0.07486000036515847,0.01061915142623965,0.7478879962229521,0.1550235819940994,0.0758501189304691,0.0212383028524793
8478460,2025020828,29,26,t,2026-01-26,2025,0.36612238021648896,0.1613524191571748,0.06113413859806574,0.6269161984711316,0.174345905363279,0.1321880940427716,0.0665498021228177
8478500,2025020828,29,26,t,2026-01-26,2025,0.3010739637269544,0.12481023226448822,0.01499238146418575,0.7570130314502008,0.117333446169583,0.0956687594518445,0.0299847629283715
8478975,2025020828,29,26,t,2026-01-26,2025,0.31286941002217217,0.09603932336734626,0.0126702449226695,0.7334221388597653,0.1602135001198279,0.0810238711750678,0.025340489845339
8479371,2025020828,29,26,t,2026-01-26,2025,0.32448453216981127,0.12685726688573562,0.0145985103579402,0.710191894564487,0.1600605138128021,0.1005505709068305,0.0291970207158804
8479421,2025020828,26,29,f,2026-01-26,2025,0.24334531528646142,0.02715396410683625,0.0066256880644667,0.8179070705765025,0.1277850012098249,0.041056552084739,0.0132513761289334
8479671,2025020828,29,26,t,2026-01-26,2025,0.3359454822009078,0.141878629082204,0.01835884083168445,0.6872699945022939,0.1529396894820583,0.1230726343522788,0.0367176816633689
8479675,2025020828,26,29,f,2026-01-26,2025,0.3569462692235003,0.1452482889206886,0.01920263361161295,0.6452684204571089,0.1882019438502742,0.1281243684693909,0.0384052672232259
8479944,2025020828,29,26,t,2026-01-26,2025,0.2957976226384869,0.07782081451599866,0.0100594054232586,0.7675657136271357,0.1294242362882353,0.0828912392381116,0.0201188108465172
8479998,2025020828,26,29,f,2026-01-26,2025,0.3047226054323982,0.07539372394350122,0.0086720648581885,0.7497157480393131,0.1521283830210528,0.080811739223257,0.017344129716377
8480806,2025020828,29,26,t,2026-01-26,2025,0.286359865012936,0.05690556952993338,0.0084757596463007,0.7832124733639585,0.1446430542428412,0.0551929531005987,0.0169515192926014
8480893,2025020828,29,26,t,2026-01-26,2025,0.35225170674485795,0.16211191585922421,0.0283182452108588,0.6546575454143937,0.1450855650159182,0.1436203991479704,0.0566364904217176
8481161,2025020828,29,26,t,2026-01-26,2025,0.29902925378363143,0.0310985259200036,0.0145984822896963,0.7611024513368467,0.1767004968231461,0.0330000872606145,0.0291969645793926
8481178,2025020828,29,26,t,2026-01-26,2025,0.30440349534242583,0.061647077461798844,0.00906788721339545,0.7503539682192579,0.1689050683465061,0.062605189007445,0.0181357744267909
8481532,2025020828,26,29,f,2026-01-26,2025,0.3052481289733676,0.09678091830681711,0.0125171839858729,0.7486647009573744,0.1434877481432771,0.0828131829276026,0.0250343679717458
8481716,2025020828,29,26,t,2026-01-26,2025,0.32509227376521654,0.13780932789389588,0.01608619089807175,0.7089764113736765,0.1393718749872921,0.1194793318428878,0.0321723817961435
8481732,2025020828,26,29,f,2026-01-26,2025,0.27679540865933067,0.0177175846746828,0.00644419177980965,0.7920881950270177,0.1724766356236167,0.0225467857897462,0.0128883835596193
8482124,2025020828,26,29,f,2026-01-26,2025,0.36394290989751826,0.16241172433361023,0.0207963042678068,0.631275139109073,0.1678683543724668,0.1592638979828465,0.0415926085356136
8482155,2025020828,26,29,f,2026-01-26,2025,0.37175382856948125,0.15938709843857057,0.0209127831528013,0.6156533017651471,0.1895394435064721,0.1529816884227782,0.0418255663056026
8482408,2025020828,26,29,f,2026-01-26,2025,0.297303616602056,0.06072854743547401,0.00829502577503135,0.7645537256999975,0.1563191888512022,0.0625370338987375,0.0165900515500627
8482660,2025020828,29,26,t,2026-01-26,2025,0.32773162507299003,0.14920710635678353,0.0190268548220204,0.7036977087581295,0.1218550206770637,0.1363935609207659,0.0380537096440408
8482705,2025020828,29,26,t,2026-01-26,2025,0.30733499051741486,0.1333558006180237,0.01335074470280975,0.7444909778692798,0.1127643630434331,0.1160431696816676,0.0267014894056195
8482726,2025020828,26,29,f,2026-01-26,2025,0.277847546285257,0.05560408946961844,0.0081920944206712,0.789983919775165,0.1404745679522648,0.0531573234312277,0.0163841888413424
8482730,2025020828,26,29,f,2026-01-26,2025,0.31682741381014734,0.13724348235608066,0.01152828162434885,0.7255061312838149,0.123973846152784,0.1274634593147033,0.0230565632486977
8483406,2025020828,26,29,f,2026-01-26,2025,0.29573114156810854,0.02812648172443555,0.00701134188984615,0.7676986757678925,0.1760483607832363,0.0422302796691788,0.0140226837796923
8483485,2025020828,29,26,t,2026-01-26,2025,0.29834685636889124,0.07802944459362611,0.00968625621556735,0.7624672461663271,0.134105443593789,0.0840547978087491,0.0193725124311347
8483808,2025020828,26,29,f,2026-01-26,2025,0.34607474919444925,0.14564785783700637,0.01917617289795925,0.6670114605152111,0.1656597659595364,0.1289764277293338,0.0383523457959185
8484166,2025020828,29,26,t,2026-01-26,2025,0.3530782995824007,0.1647735176669954,0.02582027523798105,0.653004359739308,0.1414155470754614,0.1539395427092684,0.0516405504759621
8473986,2025020829,24,22,f,2026-01-26,2025,0.3381716332060063,0.09644746661521761,0.0139116327416418,0.6828176924920968,0.2100016599917536,0.0793573820328658,0.0278232654832836
8474641,2025020829,22,24,t,2026-01-26,2025,0.339190453012283,0.12152050353125542,0.01373787992470255,0.6807800528795436,0.2001458822067059,0.0915983050643453,0.0274757598494051
8475184,2025020829,24,22,f,2026-01-26,2025,0.32811211725067424,0.12228508091549642,0.0174085772514015,0.7029367244027611,0.1764600559150063,0.0857860651794295,0.034817154502803
8475218,2025020829,22,24,t,2026-01-26,2025,0.35001046736234986,0.1348286041662795,0.01812591357062945,0.6591400241794099,0.1951697096367914,0.1094384390425397,0.0362518271412589
8475462,2025020829,24,22,f,2026-01-26,2025,0.29947539034466775,0.07516191582114587,0.0109608867435729,0.760210178214774,0.1420975690903026,0.0757704792077774,0.0219217734871458
8475786,2025020829,22,24,t,2026-01-26,2025,0.3306140890775998,0.13988489110413446,0.0210780835943708,0.6979327807489099,0.1462643791915815,0.1136466728707669,0.0421561671887416
8475798,2025020829,24,22,f,2026-01-26,2025,0.3396493017411311,0.1462270157677466,0.0144244528215244,0.6798623554218473,0.1516505551914198,0.139638183743684,0.0288489056430488
8476454,2025020829,22,24,t,2026-01-26,2025,0.39088554781193496,0.1593435668733803,0.059464270843655284,0.5773898632802397,0.22788994512176,0.1315101249840034,0.0632100666139968
8476458,2025020829,24,22,f,2026-01-26,2025,0.2984507417256376,0.09843312375879507,0.0116416061392595,0.7622594754528342,0.1265885627438612,0.0878687495247854,0.023283212278519
8476885,2025020829,24,22,f,2026-01-26,2025,0.2938771512877323,0.07544234439877487,0.0107110422256452,0.7714066563286448,0.1303402338211738,0.0768310253988909,0.0214220844512904
8477406,2025020829,22,24,t,2026-01-26,2025,0.3170375071760714,0.0650887128181754,0.01422559730791215,0.7250859445519667,0.1872898213010441,0.0591730395311648,0.0284511946158243
8477498,2025020829,22,24,t,2026-01-26,2025,0.35232494692000993,0.13777339331051403,0.0197185372861462,0.6545110650640896,0.1939090904636426,0.1121427698999752,0.0394370745722924
8477508,2025020829,22,24,t,2026-01-26,2025,0.28974893614755604,0.02419748485437985,0.00572933468651535,0.7796630866089974,0.1719419436822429,0.036936300335729,0.0114586693730307
8477527,2025020829,24,22,f,2026-01-26,2025,0.2859615170585429,0.0273439612843927,0.0054659471748794,0.7840091692727447,0.1613029081584699,0.0437560282190266,0.0109318943497588
8477934,2025020829,22,24,t,2026-01-26,2025,0.37421312447734434,0.15310661118671132,0.02520718405852315,0.6107347099494209,0.2070190098259167,0.1318319121076159,0.0504143681170463
8477953,2025020829,22,24,t,2026-01-26,2025,0.3636698655959123,0.12352703644874322,0.01506829744404715,0.631821227712285,0.2450916415389889,0.0929505358606317,0.0301365948880943
8478013,2025020829,22,24,t,2026-01-26,2025,0.38151834029133413,0.15688074277380654,0.024155196899873,0.5961242783214411,0.2140811782797061,0.1414841495991066,0.048310393799746
8478233,2025020829,22,24,t,2026-01-26,2025,0.32392314442456815,0.06394317082418301,0.0098509916855562,0.7113146700549732,0.2033521797860224,0.0656311667878919,0.0197019833711124
8478366,2025020829,24,22,f,2026-01-26,2025,0.3291633816902642,0.1352028488756976,0.01424718410937345,0.7008341955235811,0.1527270488737839,0.117944387383888,0.0284943682187469
8478402,2025020829,22,24,t,2026-01-26,2025,0.4110582741235707,0.1702700581466589,0.06158875034128854,0.5370444106569681,0.2463824151984744,0.1491141485352941,0.0674590256092633
8478424,2025020829,24,22,f,2026-01-26,2025,0.24520524962166684,0.05517982654663933,0.00923837074524345,0.8141872019060916,0.1171198116672964,0.050216244936125,0.0184767414904869
8478458,2025020829,22,24,t,2026-01-26,2025,0.3219003939314289,0.12509711780749566,0.01892628634451875,0.7153601710412517,0.1584125354925172,0.0883747207771934,0.0378525726890375
8478873,2025020829,24,22,f,2026-01-26,2025,0.32757554790412113,0.13070575577051216,0.0135550135465187,0.7040098630958673,0.1585455675118687,0.1103345422992265,0.0271100270930374
8479365,2025020829,22,24,t,2026-01-26,2025,0.34061706414699444,0.12542184165437276,0.01400161162964785,0.6779268306101207,0.195196428229894,0.0988735179006894,0.0280032232592957
8479705,2025020829,24,22,f,2026-01-26,2025,0.28908073133294676,0.02639706992803485,0.00636628782114945,0.780999496238216,0.1662063639057143,0.0400615642137707,0.0127325756422989
8480068,2025020829,24,22,f,2026-01-26,2025,0.32079314533811865,0.09768026594803181,0.0115772924966615,0.7175746682278723,0.1727790855903497,0.0864916611884549,0.023154584993323
8480803,2025020829,22,24,t,2026-01-26,2025,0.4150105199063383,0.17093047449450738,0.06230200315305344,0.529139919091433,0.2529660740683126,0.1490084756074613,0.0688855312327931
8480831,2025020829,22,24,t,2026-01-26,2025,0.30919537659564134,0.0229277422235628,0.00816847819609,0.7407702057128269,0.2133743098400474,0.0295185280549455,0.01633695639218
8480834,2025020829,22,24,t,2026-01-26,2025,0.29615928089016835,0.05737139531933963,0.0129603308807598,0.7668423971237728,0.1600814789042146,0.047155462210493,0.0259206617615196
8481056,2025020829,22,24,t,2026-01-26,2025,0.29424200074313506,0.06103099955365175,0.0086866235284338,0.7706769574178394,0.1498142349642188,0.0621355605610741,0.0173732470568676
8481563,2025020829,24,22,f,2026-01-26,2025,0.27856337939110154,0.0762820090697613,0.01254140409269005,0.7885522535634758,0.1115153072443699,0.074849631006774,0.0250828081853801
8481605,2025020829,24,22,f,2026-01-26,2025,0.31529251134488445,0.12648019634868932,0.01249087653942185,0.7285759362143407,0.142430613237041,0.1040116974697745,0.0249817530788437
8481617,2025020829,22,24,t,2026-01-26,2025,0.3387361185104542,0.07703805635794292,0.01617630125074705,0.6816887218832011,0.2168667443482814,0.0690919312670232,0.0323526025014941
8481754,2025020829,24,22,f,2026-01-26,2025,0.26975317407508137,0.05407100517921348,0.00719528475275695,0.8045796733552135,0.1289449829530261,0.0520847741862464,0.0143905695055139
8482118,2025020829,24,22,f,2026-01-26,2025,0.3089860213550173,0.07034332112456954,0.0110033468478776,0.7411889161940748,0.1631156537575244,0.0736887363526454,0.0220066936957552
8482178,2025020829,24,22,f,2026-01-26,2025,0.2868479506355267,0.02177037836314845,0.0059485691801831,0.782236302118777,0.1742229411549259,0.0316436183659306,0.0118971383603662
8482745,2025020829,24,22,f,2026-01-26,2025,0.32573394943143785,0.13501363862950028,0.0145602799050789,0.7076930600412339,0.1462466048485259,0.1169397753000823,0.0291205598101578
8482803,2025020829,24,22,f,2026-01-26,2025,0.34633097861691287,0.1052612818137753,0.0145480173195901,0.6664990016702838,0.2197526282505527,0.0846523354399832,0.0290960346391802
8483445,2025020829,24,22,f,2026-01-26,2025,0.3354716212622564,0.14117285756582365,0.0176281367991543,0.6882177163795967,0.1534035106375162,0.1231224993845784,0.0352562735983086
8483455,2025020829,22,24,t,2026-01-26,2025,0.3064850003586864,0.02417878381230225,0.0084161014819683,0.7461909581867368,0.2054514741886587,0.0315253646606679,0.0168322029639366
8483490,2025020829,24,22,f,2026-01-26,2025,0.2921414621343086,0.06523069363639315,0.0082957427794612,0.7748780346354924,0.137213769581083,0.0713167102245021,0.0165914855589224
8483512,2025020829,22,24,t,2026-01-26,2025,0.2927749056033058,0.04155508742732928,0.00799787083258665,0.7736111476974978,0.1609129949632244,0.0494801156741042,0.0159957416651733
8484153,2025020829,24,22,f,2026-01-26,2025,0.32663670544764045,0.12634093428450827,0.0144662899982079,0.7058875480088286,0.1653975255709151,0.0997823464238404,0.0289325799964158
8484762,2025020829,24,22,f,2026-01-26,2025,0.29954971817188886,0.02364849411480215,0.00701110133491885,0.7600615225603318,0.1926414892100639,0.0332747855597665,0.0140222026698377
8485512,2025020829,24,22,f,2026-01-26,2025,0.2791595313427724,0.02330979085514475,0.00670482450292605,0.7873599496601342,0.1660204686295763,0.0332099327044373,0.0134096490058521
