omitted_feature,candidate_identity,canonical_candidate_hash,artifact_relative_path,artifact_sha256,frozen_manifest_sha256,fit_count
league_total,RAW_MINUS_LEAGUE_TOTAL_REFIT_V1,73ca77eb4b9dd3f4b9f7fac16300f03a4bc30b5f9864c26beb69435c0ce06f5b,candidate_artifacts/RAW_MINUS_LEAGUE_TOTAL_REFIT_V1.json,10d59be9c0cf19c03820d66c29015d02f720160a082357fe2db01f7e80f83cb8,2c5f1cdeddfcc025905b3c0bdc9ba9ce6539748b6e3fe9e3d5c5aac31b32110a,1
home_offense,RAW_MINUS_HOME_OFFENSE_REFIT_V1,9f449cdeab0a910482e0c1485351d201d6bf1bcc90c401d4b7b898f3f1cce27b,candidate_artifacts/RAW_MINUS_HOME_OFFENSE_REFIT_V1.json,b43da4fef0a9eb4c3de43bab08d9a940c90f61800ba72874e2a97cea7f3e9ac4,2c5f1cdeddfcc025905b3c0bdc9ba9ce6539748b6e3fe9e3d5c5aac31b32110a,1
home_prevention,RAW_MINUS_HOME_PREVENTION_REFIT_V1,10fb79530dd9a507fd8dd00787c1e3deb5a177a7814fd50e6f98e86870c7974e,candidate_artifacts/RAW_MINUS_HOME_PREVENTION_REFIT_V1.json,c4f7c940b790717fc403446b709cf2240e09b77858fd448050d04fa20ec6e8ba,2c5f1cdeddfcc025905b3c0bdc9ba9ce6539748b6e3fe9e3d5c5aac31b32110a,1
away_offense,RAW_MINUS_AWAY_OFFENSE_REFIT_V1,b5e7c8c784bcec1931f1872c941150b4e828ea0555b622994bfc23baa4710594,candidate_artifacts/RAW_MINUS_AWAY_OFFENSE_REFIT_V1.json,aa999f02eb6e8a1cb93ab35c1dede74b567a5309ba253b2d97309e4ea197c026,2c5f1cdeddfcc025905b3c0bdc9ba9ce6539748b6e3fe9e3d5c5aac31b32110a,1
away_prevention,RAW_MINUS_AWAY_PREVENTION_REFIT_V1,69aeec715414231fc061b1ac60534b4315ad4a55d654ef194e5de3542fcf6192,candidate_artifacts/RAW_MINUS_AWAY_PREVENTION_REFIT_V1.json,3d443bcdb726b66e1dfda43c0b4f7d0795b9f571c4022dd10b92eebb2896ca51,2c5f1cdeddfcc025905b3c0bdc9ba9ce6539748b6e3fe9e3d5c5aac31b32110a,1
home_starter_ra9,RAW_MINUS_HOME_STARTER_RA9_REFIT_V1,464558598c59fcf72b8044f82d7d2410c84c8e1c165e3527f6ada99ff0fcf5b6,candidate_artifacts/RAW_MINUS_HOME_STARTER_RA9_REFIT_V1.json,d6b51e7501acde099551cc949029bf812bc21c7c8c2be2a382f9ce606753fbfa,2c5f1cdeddfcc025905b3c0bdc9ba9ce6539748b6e3fe9e3d5c5aac31b32110a,1
away_starter_ra9,RAW_MINUS_AWAY_STARTER_RA9_REFIT_V1,1d7a86d935682ab5141f04acb87dfb70360371ceafe78399fd57d691db96614c,candidate_artifacts/RAW_MINUS_AWAY_STARTER_RA9_REFIT_V1.json,cfd17c734a4b148b91fe85a88b3159c5a548f06d6a71ee94ff10a541d8fbdbe4,2c5f1cdeddfcc025905b3c0bdc9ba9ce6539748b6e3fe9e3d5c5aac31b32110a,1
home_starter_prior_starts,RAW_MINUS_HOME_STARTER_PRIOR_STARTS_REFIT_V1,87cace84cc002ca18409e52b1dd6887ab1730c60ce558d144b6e8c256cef4750,candidate_artifacts/RAW_MINUS_HOME_STARTER_PRIOR_STARTS_REFIT_V1.json,48474e5c9599f06776019a80575e0b254fac6ef32506097c41fb0b697f780990,2c5f1cdeddfcc025905b3c0bdc9ba9ce6539748b6e3fe9e3d5c5aac31b32110a,1
away_starter_prior_starts,RAW_MINUS_AWAY_STARTER_PRIOR_STARTS_REFIT_V1,b771a42b65cf9f442dfab8cf2f89c87e9976d62818ad8a2f4eba477ea8c6adba,candidate_artifacts/RAW_MINUS_AWAY_STARTER_PRIOR_STARTS_REFIT_V1.json,c4505ff6d1cc015e32e7883022da8b9b2fc96269732434ed1cb47e08b8646063,2c5f1cdeddfcc025905b3c0bdc9ba9ce6539748b6e3fe9e3d5c5aac31b32110a,1
home_expected_outs,RAW_MINUS_HOME_EXPECTED_OUTS_REFIT_V1,cf97118a6a6963eb549c4d9347d564cafcfca3494803b2504a22142e3c0118ce,candidate_artifacts/RAW_MINUS_HOME_EXPECTED_OUTS_REFIT_V1.json,0d52f1a1144736563dbae58b6e0a9cfeb32d61d61abe3c55378a737fcf8dd216,2c5f1cdeddfcc025905b3c0bdc9ba9ce6539748b6e3fe9e3d5c5aac31b32110a,1
away_expected_outs,RAW_MINUS_AWAY_EXPECTED_OUTS_REFIT_V1,ee9de7fe82b0788f776df92d5ebb948225baa2a11cd2dc3efd5a305c3a7cd559,candidate_artifacts/RAW_MINUS_AWAY_EXPECTED_OUTS_REFIT_V1.json,977d332e1cecf161ac9f56e4dacbeb165cc5ebc71d2d71d124b7dd7068aeba95,2c5f1cdeddfcc025905b3c0bdc9ba9ce6539748b6e3fe9e3d5c5aac31b32110a,1
home_workload_uncertainty_outs,RAW_MINUS_HOME_WORKLOAD_UNCERTAINTY_OUTS_REFIT_V1,14b35e6b6d3235b8b1d84b1e6cb05b483670b790f291d642d5b78dead5ce91ce,candidate_artifacts/RAW_MINUS_HOME_WORKLOAD_UNCERTAINTY_OUTS_REFIT_V1.json,cc39df8bca6aecb04ef8401e858fbcc74a58db27f2b978c5d9ca8d4dd201cff0,2c5f1cdeddfcc025905b3c0bdc9ba9ce6539748b6e3fe9e3d5c5aac31b32110a,1
away_workload_uncertainty_outs,RAW_MINUS_AWAY_WORKLOAD_UNCERTAINTY_OUTS_REFIT_V1,01e1bf4d57769536b8c3028392a476dde9e3c5d566248035b24211edcbc8a4d8,candidate_artifacts/RAW_MINUS_AWAY_WORKLOAD_UNCERTAINTY_OUTS_REFIT_V1.json,d1f293863b1242c5adb78266f8e1195864b3750279aebb19d3e9be18e520c028,2c5f1cdeddfcc025905b3c0bdc9ba9ce6539748b6e3fe9e3d5c5aac31b32110a,1
home_bullpen_ra9,RAW_MINUS_HOME_BULLPEN_RA9_REFIT_V1,21d4d24e9db897f37f927a0cd04d546230cf01b23e3430d576a3de9e37278da3,candidate_artifacts/RAW_MINUS_HOME_BULLPEN_RA9_REFIT_V1.json,d6c02c0c3597eac801ae263373db7eb4ffdeb670837820e5f100848312d18413,2c5f1cdeddfcc025905b3c0bdc9ba9ce6539748b6e3fe9e3d5c5aac31b32110a,1
away_bullpen_ra9,RAW_MINUS_AWAY_BULLPEN_RA9_REFIT_V1,2e16bbe0a220ba30355697bf071ace0155351be307d8f310f89084306915d359,candidate_artifacts/RAW_MINUS_AWAY_BULLPEN_RA9_REFIT_V1.json,07b15a06c3e4badc2b16ec58018f99a082f57e59e5fd4ef6c3d2607f289a027f,2c5f1cdeddfcc025905b3c0bdc9ba9ce6539748b6e3fe9e3d5c5aac31b32110a,1
home_bullpen_likely_available_reliever_count,RAW_MINUS_HOME_BULLPEN_LIKELY_AVAILABLE_RELIEVER_COUNT_REFIT_V1,aa0e8ad13ac0cbc187cce4506abc04154133464a0871b94d67ffbc2e44fc7ac1,candidate_artifacts/RAW_MINUS_HOME_BULLPEN_LIKELY_AVAILABLE_RELIEVER_COUNT_REFIT_V1.json,060df7996341f94c54f79789115c71c76d515ed18c9cf9dacba66bd2fd1adef5,2c5f1cdeddfcc025905b3c0bdc9ba9ce6539748b6e3fe9e3d5c5aac31b32110a,1
away_bullpen_likely_available_reliever_count,RAW_MINUS_AWAY_BULLPEN_LIKELY_AVAILABLE_RELIEVER_COUNT_REFIT_V1,02bf1d34e4c43661ab780f1e7410867e663a2273a6a15b89da99275da0655db5,candidate_artifacts/RAW_MINUS_AWAY_BULLPEN_LIKELY_AVAILABLE_RELIEVER_COUNT_REFIT_V1.json,65491589981e129d543d4bcadf3d4f650bc7ec5749ae0757297f6cac7f1624df,2c5f1cdeddfcc025905b3c0bdc9ba9ce6539748b6e3fe9e3d5c5aac31b32110a,1
home_bullpen_recent_innings_burden,RAW_MINUS_HOME_BULLPEN_RECENT_INNINGS_BURDEN_REFIT_V1,5955283d4b1591e145a9ed65a455f3ad97cd2737d8078c0261c76309bacfb925,candidate_artifacts/RAW_MINUS_HOME_BULLPEN_RECENT_INNINGS_BURDEN_REFIT_V1.json,6d86ec1d52471e7dc860cacb2a13b1b7c2c22f96d791cbcaebfc6280b1c194f2,2c5f1cdeddfcc025905b3c0bdc9ba9ce6539748b6e3fe9e3d5c5aac31b32110a,1
away_bullpen_recent_innings_burden,RAW_MINUS_AWAY_BULLPEN_RECENT_INNINGS_BURDEN_REFIT_V1,6d69ad153d1e68884e9565c294e103d671dddf79ca5c4081b981d132aad59b44,candidate_artifacts/RAW_MINUS_AWAY_BULLPEN_RECENT_INNINGS_BURDEN_REFIT_V1.json,172d1eafe0cf678191712aecf71935c0e2816afe2fff386bef325e13b0a6e259,2c5f1cdeddfcc025905b3c0bdc9ba9ce6539748b6e3fe9e3d5c5aac31b32110a,1
strict_prior_total_run_factor,RAW_MINUS_STRICT_PRIOR_TOTAL_RUN_FACTOR_REFIT_V1,fc49a59e64df8cc1262010cdb2e2214296a0e61f9946bb8b2a813386a0421c79,candidate_artifacts/RAW_MINUS_STRICT_PRIOR_TOTAL_RUN_FACTOR_REFIT_V1.json,880ab63c1aaf15650ebb6310f11703099de0cf950fb1b569d1980d64e403a649,2c5f1cdeddfcc025905b3c0bdc9ba9ce6539748b6e3fe9e3d5c5aac31b32110a,1
park_history_depth,RAW_MINUS_PARK_HISTORY_DEPTH_REFIT_V1,36a11a10aec1ccbeff87cba615f65419795d11d11aa70d793223cd572997ae47,candidate_artifacts/RAW_MINUS_PARK_HISTORY_DEPTH_REFIT_V1.json,b906e9b52741e407a54bf9759ca10d6db3f070a33a10b1f6d18e0d37553a03de,2c5f1cdeddfcc025905b3c0bdc9ba9ce6539748b6e3fe9e3d5c5aac31b32110a,1
game_number,RAW_MINUS_GAME_NUMBER_REFIT_V1,c5bfd07329a4f421c47141989ae1a6cebcec7163819019d969fabdf1ba464e77,candidate_artifacts/RAW_MINUS_GAME_NUMBER_REFIT_V1.json,ffff88eaacce8d924aa69efafd2bafc29e39880e15cbea7e52cb2026f0b12536,2c5f1cdeddfcc025905b3c0bdc9ba9ce6539748b6e3fe9e3d5c5aac31b32110a,1
